project_id	mm_size
mm.ace.019	large
mm.ace.022	medium
mm.ace.023	medium
mm.ace.036	very_small
mm.ace.039	unknown
mm.ace.042	medium
mm.ace.045	medium
mm.ace.1085	large
mm.ace.1086	very_large
mm.ace.1087	very_large
mm.ace.1088	unknown
mm.ace.1089	large
mm.ace.1090	very_large
mm.ace.1091	large
mm.ace.1092	very_large
mm.ace.1093	large
mm.ace.1094	tiny
mm.ace.1096	tiny
mm.ace.1097	medium
mm.ace.1098	small
mm.ace.1099	small
mm.ace.1100	large
mm.ace.1101	medium
mm.ace.1102	unknown
mm.ace.1103	small
mm.ace.1104	very_large
mm.ace.1105	tiny
mm.ace.1106	unknown
mm.ace.1107	unknown
mm.ace.1108	unknown
mm.ace.1109	large
mm.ace.1110	small
mm.ace.1111	medium
mm.ace.1112	very_small
mm.ace.1113	unknown
mm.ace.1114	unknown
mm.ace.1115	large
mm.ace.1116	unknown
mm.ace.1117	small
mm.ace.1118	very_small
mm.ace.1119	unknown
mm.ace.1120	small
mm.ace.1121	unknown
mm.ace.1122	small
mm.ace.1123	small
mm.ace.1124	unknown
mm.ace.1125	small
mm.ace.1126	small
mm.ace.1127	very_large
mm.ace.1128	medium
mm.ace.1129	tiny
mm.ace.1131	huge
mm.ace.1132	very_small
mm.ace.1133	large
mm.ace.1134	unknown
mm.ace.1135	unknown
mm.ace.1136	huge
mm.ace.1137	very_small
mm.ace.1138	large
mm.ace.1139	small
mm.ace.1140	very_small
mm.ace.1141	unknown
mm.ace.1142	unknown
mm.ace.1143	unknown
mm.ace.1144	small
mm.ace.1145	small
mm.ace.1146	small
mm.ace.1147	small
mm.ace.1148	very_small
mm.ace.1149	very_large
mm.ace.1150	very_large
mm.ace.1151	unknown
mm.ace.1152	unknown
mm.ace.1153	medium
mm.ace.1154	unknown
mm.ace.1155	very_large
mm.ace.1156	unknown
mm.ace.1157	unknown
mm.ace.1158	very_small
mm.ace.1159	large
mm.ace.1160	large
mm.ace.1161	very_small
mm.ace.1162	unknown
mm.ace.1163	tiny
mm.ace.1164	small
mm.ace.1165	medium
mm.ace.1166	unknown
mm.ace.1167	unknown
mm.ace.1168	very_large
mm.ace.1169	unknown
mm.ace.1172	very_large
mm.ace.1173	very_large
mm.ace.1174	very_large
mm.ace.1175	very_large
mm.ace.1176	huge
mm.ace.1177	unknown
mm.ace.1178	unknown
mm.ace.1179	small
mm.ace.1180	very_large
mm.ace.1181	very_large
mm.ace.1182	small
mm.ace.1183	small
mm.ace.1186	unknown
mm.ace.1187	unknown
mm.ace.1189	unknown
mm.ace.1190	small
mm.ace.1191	tiny
mm.ace.1192	small
mm.ace.1193	small
mm.ace.1195	very_large
mm.ace.1197	very_large
mm.ace.1198	large
mm.ace.1199	small
mm.ace.1200	medium
mm.ace.1202	medium
mm.ace.1204	small
mm.ace.1205	very_large
mm.ace.1207	unknown
mm.ace.1208	medium
mm.ace.1209	medium
mm.ace.1210	very_small
mm.ace.1211	very_small
mm.ace.1212	unknown
mm.ace.1213	small
mm.ace.1214	small
mm.ace.1215	unknown
mm.ace.1216	unknown
mm.ace.1217	unknown
mm.ace.1220	medium
mm.ace.1221	unknown
mm.ace.1222	unknown
mm.ace.1223	very_large
mm.ace.1224	unknown
mm.ace.1225	medium
mm.ace.1226	small
mm.ace.1227	unknown
mm.ace.1228	medium
mm.ace.1229	unknown
mm.ace.1231	very_large
mm.ace.1233	very_small
mm.ace.1234	very_small
mm.ace.1235	medium
mm.ace.1236	very_small
mm.ace.1237	unknown
mm.ace.1238	unknown
mm.ace.1239	unknown
mm.ace.1240	unknown
mm.ace.1241	unknown
mm.ace.1242	unknown
mm.ace.1243	very_small
mm.ace.1244	very_small
mm.ace.1245	unknown
mm.ace.1246	very_large
mm.ace.1247	very_small
mm.ace.1248	tiny
mm.ace.1249	small
mm.ace.1250	very_small
mm.ace.1251	medium
mm.ace.1252	very_small
mm.ace.1253	large
mm.ace.1254	very_large
mm.ace.1255	unknown
mm.ace.1256	very_large
mm.ace.1257	very_large
mm.ace.1258	unknown
mm.ace.1259	small
mm.ace.1260	small
mm.ace.1261	large
mm.ace.1262	unknown
mm.ace.1263	very_large
mm.ace.1264	medium
mm.ace.1265	unknown
mm.ace.1266	unknown
mm.ace.1267	unknown
mm.ace.1268	medium
mm.ace.127	unknown
mm.ace.1270	unknown
mm.ace.1271	unknown
mm.ace.1273	unknown
mm.ace.1274	unknown
mm.ace.1275	tiny
mm.ace.1276	unknown
mm.ace.1277	very_small
mm.ace.1278	very_large
mm.ace.1280	unknown
mm.ace.1282	very_small
mm.ace.1283	unknown
mm.ace.1284	unknown
mm.ace.1285	small
mm.ace.1286	very_small
mm.ace.1287	very_small
mm.ace.1288	very_small
mm.ace.1291	tiny
mm.ace.1292	tiny
mm.ace.1293	small
mm.ace.135	small
mm.ace.164	very_large
mm.ace.203	very_large
mm.ace.266	unknown
mm.ace.324	large
mm.ace.327	unknown
mm.ace.333	unknown
mm.ace.380	medium
mm.ace.390	small
mm.ace.399	medium
mm.ace.413	unknown
mm.ace.436	unknown
mm.ace.504	small
mm.ace.516	medium
mm.ace.569	medium
mm.ace.685	unknown
mm.ace.713	unknown
mm.aim.0001	unknown
mm.aim.0005	medium
mm.aim.0006	unknown
mm.aim.0014	unknown
mm.aim.0018	unknown
mm.aim.0021	unknown
mm.aim.0025	unknown
mm.aim.0036	unknown
mm.aim.0037	unknown
mm.aim.0038	unknown
mm.aim.0040	unknown
mm.aim.0042	unknown
mm.aim.0044	medium
mm.aim.0046	unknown
mm.aim.0049	unknown
mm.aim.0050	unknown
mm.aim.0052	unknown
mm.aim.0054	very_large
mm.aim.0057	very_large
mm.aim.0058	very_small
mm.aim.0060	very_small
mm.aim.0062	unknown
mm.aim.0067	very_small
mm.aim.0074	unknown
mm.aim.0077	unknown
mm.aim.0079	unknown
mm.aim.0081	unknown
mm.aim.0098	unknown
mm.aim.0099	unknown
mm.aim.0105	small
mm.aim.0107	unknown
mm.aim.0109	unknown
mm.aim.0110	unknown
mm.aim.0112	unknown
mm.aim.0117	small
mm.aim.0126	unknown
mm.aim.0127	unknown
mm.aim.0129	unknown
mm.aim.0130	unknown
mm.aim.0135	small
mm.aim.0140	unknown
mm.aim.0141	unknown
mm.aim.0147	unknown
mm.aim.0150	unknown
mm.aim.0155	small
mm.aim.0158	unknown
mm.aim.0159	unknown
mm.aim.0160	unknown
mm.aim.0161	large
mm.aim.0165	unknown
mm.aim.0167	unknown
mm.aim.0172	small
mm.aim.0173	very_small
mm.aim.0174	unknown
mm.aim.0179	unknown
mm.aim.0181	unknown
mm.aim.0188	unknown
mm.aim.0191	unknown
mm.aim.0200	unknown
mm.aim.0204	unknown
mm.aim.0207	large
mm.aim.0211	unknown
mm.aim.0213	very_small
mm.aim.0215	unknown
mm.aim.0217	unknown
mm.aim.0218	medium
mm.aim.0219	small
mm.aim.0220	unknown
mm.aim.0222	unknown
mm.aim.0227	unknown
mm.aim.0228	unknown
mm.aim.0231	unknown
mm.aim.0234	large
mm.aim.0236	unknown
mm.aim.0238	unknown
mm.aim.0244	very_small
mm.aim.0245	unknown
mm.aim.0249	unknown
mm.aim.0254	unknown
mm.aim.0262	unknown
mm.aim.0265	unknown
mm.aim.0269	small
mm.aim.0280	unknown
mm.aim.0282	small
mm.aim.0283	unknown
mm.aim.0284	unknown
mm.aim.0287	unknown
mm.aim.0288	unknown
mm.aim.0292	very_small
mm.aim.0295	unknown
mm.aim.0300	small
mm.aim.0302	unknown
mm.aim.0304	unknown
mm.aim.0307	unknown
mm.aim.0310	small
mm.aim.0314	unknown
mm.aim.0317	unknown
mm.aim.0335	unknown
mm.aim.0336	very_small
mm.aim.0337	unknown
mm.aim.0338	unknown
mm.aim.0340	large
mm.aim.0342	unknown
mm.aim.0350	unknown
mm.aim.0351	unknown
mm.aim.0353	unknown
mm.aim.0358	unknown
mm.aim.0370	small
mm.aim.0373	unknown
mm.aim.0378	unknown
mm.aim.0382	unknown
mm.aim.0389	unknown
mm.aim.0393	very_small
mm.aim.0400	unknown
mm.aim.0405	unknown
mm.aim.0406	unknown
mm.aim.0407	unknown
mm.aim.0410	tiny
mm.aim.0420	small
mm.aim.0422	large
mm.aim.0423	unknown
mm.aim.0425	small
mm.aim.0430	unknown
mm.aim.0431	unknown
mm.aim.0440	unknown
mm.aim.0441	unknown
mm.aim.0443	unknown
mm.aim.0447	medium
mm.aim.0448	unknown
mm.aim.0456	unknown
mm.aim.0459	unknown
mm.aim.0461	unknown
mm.aim.0466	unknown
mm.aim.0467	very_large
mm.aim.0470	small
mm.aim.0471	unknown
mm.aim.0478	unknown
mm.aim.0484	unknown
mm.aim.0485	unknown
mm.aim.0486	unknown
mm.aim.0490	unknown
mm.aim.0496	unknown
mm.aim.0503	unknown
mm.aim.0512	unknown
mm.aim.0513	small
mm.aim.0516	unknown
mm.aim.0518	unknown
mm.aim.0521	small
mm.aim.0527	large
mm.aim.0528	unknown
mm.aim.0530	unknown
mm.aim.0531	small
mm.aim.0533	unknown
mm.aim.0535	very_large
mm.aim.0545	unknown
mm.aim.0555	unknown
mm.aim.0556	unknown
mm.aim.0557	unknown
mm.aim.0559	unknown
mm.aim.0560	unknown
mm.aim.0565	unknown
mm.aim.0566	unknown
mm.aim.0568	unknown
mm.aim.0570	small
mm.aim.0578	unknown
mm.aim.0579	very_large
mm.aim.0581	unknown
mm.aim.0583	large
mm.aim.0588	very_small
mm.aim.0589	unknown
mm.aim.0593	unknown
mm.aim.0596	large
mm.aim.0598	unknown
mm.aim.0599	unknown
mm.aim.0600	tiny
mm.aim.0603	unknown
mm.aim.0604	unknown
mm.aim.0606	unknown
mm.aim.0616	unknown
mm.aim.0619	unknown
mm.aim.0625	unknown
mm.aim.0628	unknown
mm.aim.0639	medium
mm.aim.0641	very_small
mm.aim.0651	unknown
mm.aim.0658	unknown
mm.aim.0663	unknown
mm.aim.0664	unknown
mm.aim.0671	medium
mm.aim.0677	unknown
mm.aim.0678	unknown
mm.aim.0679	small
mm.aim.0691	unknown
mm.aim.0692	unknown
mm.aim.0699	medium
mm.aim.0710	very_large
mm.aim.0713	unknown
mm.aim.0714	unknown
mm.aim.0720	unknown
mm.aim.0723	unknown
mm.aim.0724	unknown
mm.aim.0738	unknown
mm.aim.0742	unknown
mm.aim.0750	very_small
mm.aim.0753	unknown
mm.aim.0754	unknown
mm.aim.0774	unknown
mm.aim.0778	unknown
mm.aim.0779	unknown
mm.aim.0781	unknown
mm.aim.0784	unknown
mm.aim.0786	unknown
mm.aim.0788	unknown
mm.aim.0790	unknown
mm.aim.0791	unknown
mm.aim.0795	medium
mm.aim.0796	unknown
mm.aim.0797	unknown
mm.aim.0803	unknown
mm.aim.0811	unknown
mm.aim.0812	unknown
mm.aim.0817	unknown
mm.aim.0818	small
mm.aim.0858	unknown
mm.aim.0877	unknown
mm.aim.0881	small
mm.aim.0882	very_small
mm.aim.0892	unknown
mm.aim.0898	small
mm.aim.0900	unknown
mm.aim.0907	large
mm.aim.0925	unknown
mm.aim.0926	unknown
mm.aim.0931	very_small
mm.aim.0936	unknown
mm.aim.0941	unknown
mm.aim.0943	unknown
mm.aim.0951	unknown
mm.aim.0952	unknown
mm.aim.0956	unknown
mm.aim.0959	unknown
mm.aim.0976	large
mm.aim.0981	unknown
mm.aim.0983	unknown
mm.aim.0993	unknown
mm.aim.0994	unknown
mm.aim.1001	unknown
mm.aim.1004	unknown
mm.aim.1005	unknown
mm.aim.1006	tiny
mm.aim.1017	very_small
mm.aim.1020	unknown
mm.aim.1022	unknown
mm.aim.1023	unknown
mm.aim.1025	tiny
mm.aim.1026	unknown
mm.aim.1031	unknown
mm.aim.1036	unknown
mm.aim.1040	unknown
mm.aim.1042	unknown
mm.aim.1047	unknown
mm.aim.1051	unknown
mm.aim.1063	medium
mm.aim.1068	unknown
mm.aim.1071	unknown
mm.aim.1076	unknown
mm.aim.1080	unknown
mm.aim.1082	unknown
mm.aim.1085	unknown
mm.aim.1089	unknown
mm.aim.1090	unknown
mm.aim.1091	unknown
mm.aim.1093	unknown
mm.aim.1095	unknown
mm.aim.1097	unknown
mm.aim.1101	unknown
mm.aim.1111	very_small
mm.aim.1115	small
mm.aim.1117	medium
mm.aim.1119	very_small
mm.aim.1121	unknown
mm.aim.1131	unknown
mm.aim.1136	unknown
mm.aim.1138	medium
mm.aim.1142	unknown
mm.aim.1147	unknown
mm.aim.1151	unknown
mm.aim.1153	unknown
mm.aim.1155	unknown
mm.aim.1156	unknown
mm.aim.1157	unknown
mm.aim.1159	unknown
mm.aim.1161	unknown
mm.aim.1166	unknown
mm.aim.1169	unknown
mm.aim.1180	unknown
mm.aim.1182	small
mm.aim.1186	unknown
mm.aim.1189	unknown
mm.aim.1190	unknown
mm.aim.1194	unknown
mm.aim.1196	unknown
mm.aim.1197	very_small
mm.aim.1202	unknown
mm.aim.1203	unknown
mm.aim.1205	unknown
mm.aim.1206	small
mm.aim.1209	unknown
mm.aim.1210	unknown
mm.aim.1215	very_small
mm.aim.1217	unknown
mm.aim.1223	unknown
mm.aim.1230	unknown
mm.aim.1245	unknown
mm.aim.1246	unknown
mm.aim.1247	unknown
mm.aim.1255	unknown
mm.aim.1258	very_small
mm.aim.1261	unknown
mm.aim.1263	unknown
mm.aim.1267	unknown
mm.aim.1274	very_small
mm.aim.1281	unknown
mm.aim.1282	unknown
mm.aim.1289	unknown
mm.aim.1295	unknown
mm.aim.1300	tiny
mm.aim.1304	unknown
mm.aim.1305	very_large
mm.aim.1308	unknown
mm.aim.1309	unknown
mm.aim.1312	small
mm.aim.1315	tiny
mm.aim.1316	unknown
mm.aim.1318	tiny
mm.aim.1322	unknown
mm.aim.1326	unknown
mm.aim.1329	unknown
mm.aim.1335	unknown
mm.aim.1338	unknown
mm.aim.1342	unknown
mm.aim.1346	unknown
mm.aim.1348	unknown
mm.aim.1352	very_small
mm.aim.1353	tiny
mm.aim.1354	unknown
mm.aim.1355	unknown
mm.aim82M.001	unknown
mm.aim82M.002	unknown
mm.aim82M.003	unknown
mm.aim82M.004	unknown
mm.aim82M.005	unknown
mm.aim82M.007	unknown
mm.aim82M.008	unknown
mm.aim82M.009	unknown
mm.aim82M.010	unknown
mm.aim82M.011	unknown
mm.aim82M.012	unknown
mm.aim82M.014	unknown
mm.aim82M.015	unknown
mm.aim82M.016	unknown
mm.aim82M.017	unknown
mm.aim82M.018	unknown
mm.aim82M.019	unknown
mm.aim82M.020	unknown
mm.aim82M.021	unknown
mm.aim82M.022	unknown
mm.aim82M.023	unknown
mm.aim82M.024	unknown
mm.aim82M.025	unknown
mm.aim82M.027	unknown
mm.aim82M.028	unknown
mm.aim82M.029	unknown
mm.aim82M.030	unknown
mm.aim82M.031	unknown
mm.aim82M.032	unknown
mm.aim82M.033	unknown
mm.aim82M.034	unknown
mm.aim82M.035	unknown
mm.aim82M.036	unknown
mm.aim82M.038	unknown
mm.aim82M.040	unknown
mm.aim82M.041	unknown
mm.aim82M.042	unknown
mm.aim82M.043	unknown
mm.aim82M.044	unknown
mm.aim82M.045	unknown
mm.aim82M.046	unknown
mm.aim82M.047	unknown
mm.aim82M.048	unknown
mm.aim82M.049	unknown
mm.aim82M.050	unknown
mm.aim82M.051	unknown
mm.aim82M.052	unknown
mm.aim82M.053	unknown
mm.aim82M.054	unknown
mm.aim82M.055	unknown
mm.aim82M.056	unknown
mm.aim82M.057	unknown
mm.aim82M.058	unknown
mm.aim82M.059	unknown
mm.aim82M.060	unknown
mm.aim82M.061	unknown
mm.aim82M.062	unknown
mm.aim82M.063	unknown
mm.aim82M.064	unknown
mm.aim82M.065	unknown
mm.aim82M.066	unknown
mm.aim82M.068	unknown
mm.aim82M.069	unknown
mm.aim82M.071	unknown
mm.aim82NM.001	unknown
mm.aim82NM.002	unknown
mm.aim82NM.003	unknown
mm.aim82NM.004	unknown
mm.aim82NM.005	unknown
mm.aim82NM.006	unknown
mm.aim82NM.007	unknown
mm.aim82NM.009	unknown
mm.aim82NM.010	unknown
mm.aim82NM.011	unknown
mm.aim82NM.012	unknown
mm.aim82NM.013	unknown
mm.aim82NM.014	unknown
mm.aim82NM.015	unknown
mm.aim82NM.016	unknown
mm.aim82NM.017	unknown
mm.aim82NM.018	unknown
mm.aim82NM.019	unknown
mm.aim82NM.020	unknown
mm.aim82NM.021	unknown
mm.aim82NM.022	unknown
mm.aim82NM.023	unknown
mm.aim82NM.024	unknown
mm.aim82NM.025	unknown
mm.aim82NM.026	unknown
mm.aim82NM.027	unknown
mm.aim82NM.028	unknown
mm.aim82NM.029	unknown
mm.aim82NM.030	unknown
mm.aim82NM.031	unknown
mm.aim82NM.032	unknown
mm.aim82NM.033	unknown
mm.aim82NM.034	unknown
mm.aim82NM.035	unknown
mm.aim82NM.036	unknown
mm.aim82NM.037	unknown
mm.aim82NM.038	unknown
mm.aim82NM.039	unknown
mm.aim82NM.040	unknown
mm.aim82NM.041	unknown
mm.aim82NM.042	unknown
mm.aim82NM.043	unknown
mm.aim82NM.044	unknown
mm.aim82NM.045	unknown
mm.aim82NM.046	unknown
mm.aim82NM.047	unknown
mm.aim82NM.048	unknown
mm.aim82NM.049	unknown
mm.aim82NM.050	unknown
mm.aim82NM.051	unknown
mm.aim82NM.052	unknown
mm.aim82NM.053	unknown
mm.aim82NM.054	unknown
mm.aim82NM.055	unknown
mm.aim82NM.056	unknown
mm.aim82NM.057	unknown
mm.aim82NM.058	unknown
mm.aim82NM.059	unknown
mm.aim82NM.060	unknown
mm.aim82NM.061	unknown
mm.aim82NM.062	unknown
mm.aim82NM.064	unknown
mm.aim82NM.065	unknown
mm.aim82NM.066	unknown
mm.aim82NM.068	unknown
mm.aim82NM.071	unknown
mm.aim82NM.072	unknown
mm.aim82NM.073	unknown
mm.aim82NM.074	unknown
mm.aim82NM.075	unknown
mm.aim82NM.076	unknown
mm.aim82NM.077	unknown
mm.aim82NM.078	unknown
mm.aim82NM.079	unknown
mm.aim82NM.080	unknown
mm.aim82NM.081	unknown
mm.aim82NM.082	unknown
mm.aim82NM.083	unknown
mm.aim82NM.084	unknown
mm.aim82NM.085	unknown
mm.aim82NM.087	unknown
mm.aim82NM.088	unknown
mm.aim82NM.090	unknown
mm.aim82NM.091	unknown
mm.aim82NM.092	unknown
mm.aim82NM.094	unknown
mm.aim82NM.095	unknown
mm.aim82NM.096	unknown
mm.aim82NM.097	unknown
mm.aim82NM.099	unknown
mm.aim82NM.100	unknown
mm.aim82NM.101	unknown
mm.aim82NM.102	unknown
mm.aim82NM.103	unknown
mm.aim82NM.104	unknown
mm.aim82NM.105	unknown
mm.aim82NM.106	unknown
mm.aim82NM.107	unknown
mm.aim82NM.108	unknown
mm.aim82NM.109	unknown
mm.aim82NM.110	unknown
mm.aim82NM.111	unknown
mm.aim82NM.112	unknown
mm.aim82NM.113	unknown
mm.aim82NM.114	unknown
mm.aim82NM.115	unknown
mm.aim82NM.116	unknown
mm.aim82NM.117	unknown
mm.aim82NM.118	unknown
mm.aim82NM.119	unknown
mm.aim82NM.120	unknown
mm.aim82NM.121	unknown
mm.aim82NM.122	unknown
mm.aim82NM.123	unknown
mm.aim82NM.124	unknown
mm.aim82NM.125	unknown
mm.aim82NM.126	unknown
mm.aim82NM.127	unknown
mm.aim82NM.128	unknown
mm.aim82NM.129	unknown
mm.aim82NM.130	unknown
mm.aim82NM.131	unknown
mm.aim82NM.133	unknown
mm.domus.EM001	large
mm.domus.EM003	small
mm.domus.EM004	very_small
mm.domus.EM005	very_small
mm.domus.EM006	medium
mm.domus.EM007	medium
mm.domus.EM008	medium
mm.domus.EM009	very_small
mm.domus.EM010	very_large
mm.domus.EM011	very_small
mm.domus.EM012	small
mm.domus.EM013	medium
mm.domus.EM014	small
mm.domus.EM015	small
mm.domus.EM016	very_large
mm.domus.EM017	very_large
mm.domus.EM018	large
mm.domus.EM019	large
mm.domus.EM020	medium
mm.domus.EM021	medium
mm.domus.EM022	large
mm.domus.EM023	medium
mm.domus.EM024	very_small
mm.domus.EM025	small
mm.domus.EM026	small
mm.domus.EM027	medium
mm.domus.EM028	large
mm.domus.EM029	small
mm.domus.EM030	medium
mm.domus.EM031	medium
mm.domus.EM032	small
mm.domus.EM033	medium
mm.domus.EM034	large
mm.domus.EM035	medium
mm.domus.EM036	medium
mm.domus.EM037	small
mm.domus.EM039	small
mm.domus.EM040	tiny
mm.domus.EM041	very_small
mm.domus.EM042	medium
mm.domus.EM043	medium
mm.domus.EM044	very_small
mm.domus.EM045	small
mm.domus.EM046	small
mm.domus.EM047	very_small
mm.domus.EM048	large
mm.domus.EM051	small
mm.domus.EM052	very_large
mm.domus.EM053	small
mm.domus.EM054	medium
mm.domus.EM055	large
mm.domus.EM056	small
mm.domus.EM057	very_large
mm.domus.EM058	medium
mm.domus.EM059	small
mm.domus.EM060	tiny
mm.domus.EM061	medium
mm.domus.EM063	medium
mm.domus.EM064	medium
mm.domus.EM065	small
mm.domus.EM066	medium
mm.domus.EM067	very_large
mm.domus.EM068	small
mm.domus.EM069	small
mm.domus.EM070	small
mm.domus.EM071	medium
mm.domus.EM072	medium
mm.domus.EM073	small
mm.domus.EM074	small
mm.domus.EM075	very_large
mm.domus.EM076	very_large
mm.domus.EM077	medium
mm.domus.EM078	medium
mm.domus.EM079	very_small
mm.domus.EM080	very_small
mm.domus.EM081	medium
mm.domus.EM083	small
mm.domus.EM084	large
mm.domus.EM085	small
mm.domus.EM086	very_large
mm.domus.EM087	large
mm.domus.EM088	very_large
mm.domus.EM089	medium
mm.domus.EM090	medium
mm.domus.EM092	small
mm.domus.EM093	very_large
mm.domus.EM094	very_large
mm.domus.EM095	small
mm.domus.EM096	small
mm.domus.EM097	tiny
mm.domus.EM098	medium
mm.domus.EM099	tiny
mm.domus.EM100	unknown
mm.domus.EM101	small
mm.domus.EM102	very_small
mm.domus.EM103	small
mm.domus.EM104	medium
mm.domus.EM105	unknown
mm.domus.EM106	medium
mm.domus.EM107	unknown
mm.domus.EM108	tiny
mm.domus.EM109	very_small
mm.domus.EM110	very_small
mm.domus.EM111	unknown
mm.domus.EM112	unknown
mm.domus.NE001	very_large
mm.domus.NE002	tiny
mm.domus.NE003	tiny
mm.domus.NE004	very_large
mm.domus.NE005	medium
mm.domus.NE006	medium
mm.domus.NE007	medium
mm.domus.NE008	very_large
mm.domus.NE009	medium
mm.domus.NE011	very_large
mm.domus.NE012	medium
mm.domus.NE013	large
mm.domus.NE014	medium
mm.domus.NE015	small
mm.domus.NE016	large
mm.domus.NE017	medium
mm.domus.NE018	small
mm.domus.NE019	small
mm.domus.NE020	small
mm.domus.NE021	medium
mm.domus.NE022	medium
mm.domus.NE023	large
mm.domus.NE024	very_small
mm.domus.NE026	very_large
mm.domus.NE027	medium
mm.domus.NE028	very_large
mm.domus.NE029	medium
mm.domus.NE030	very_large
mm.domus.NE031	medium
mm.domus.NE032	very_large
mm.domus.NE033	large
mm.domus.NE035	very_small
mm.domus.NE036	small
mm.domus.NE037	small
mm.domus.NE038	large
mm.domus.NE039	medium
mm.domus.NE040	small
mm.domus.NE041	tiny
mm.domus.NE042	small
mm.domus.NE043	small
mm.domus.NE044	small
mm.domus.NE045	unknown
mm.domus.NE046	very_large
mm.domus.NE047	small
mm.domus.NE048	small
mm.domus.NE049	small
mm.domus.NE051	very_small
mm.domus.NE052	medium
mm.domus.NE053	small
mm.domus.NE054	small
mm.domus.NE055	very_small
mm.domus.NE056	medium
mm.domus.NE057	very_large
mm.domus.NE058	medium
mm.domus.NE061	small
mm.domus.NE062	small
mm.domus.NE063	small
mm.domus.NE064	large
mm.domus.NE065	small
mm.domus.NE066	medium
mm.domus.NE067	small
mm.domus.NE068	small
mm.domus.NE069	small
mm.domus.NE071	large
mm.domus.NE072	small
mm.domus.NE073	very_large
mm.domus.NE074	very_large
mm.domus.NE075	very_small
mm.domus.NE076	small
mm.domus.NE077	small
mm.domus.NE078	large
mm.domus.NE079	large
mm.domus.NE080	very_large
mm.domus.NE081	medium
mm.domus.NE082	small
mm.domus.NE083	medium
mm.domus.NI002	medium
mm.domus.NI003	medium
mm.domus.NI004	very_small
mm.domus.NI005	small
mm.domus.NI006	medium
mm.domus.NI007	tiny
mm.domus.NI008	large
mm.domus.NI009	small
mm.domus.NI010	medium
mm.domus.NI011	very_small
mm.domus.NI013	medium
mm.domus.NI014	medium
mm.domus.NI015	very_large
mm.domus.NI016	very_large
mm.domus.NI017	very_large
mm.domus.NI018	small
mm.domus.NI019	small
mm.domus.NI020	small
mm.domus.NI021	tiny
mm.domus.NI022	very_small
mm.domus.NI023	small
mm.domus.NI024	medium
mm.domus.NI025	very_small
mm.domus.NI026	unknown
mm.domus.NI027	medium
mm.domus.NI028	medium
mm.domus.NI029	medium
mm.domus.NI030	very_small
mm.domus.NI032	medium
mm.domus.NI034	unknown
mm.domus.NI035	very_small
mm.domus.NI036	very_small
mm.domus.NI037	small
mm.domus.NI038	small
mm.domus.NW001	medium
mm.domus.NW002	small
mm.domus.NW003	small
mm.domus.NW004	large
mm.domus.NW005	medium
mm.domus.NW006	small
mm.domus.NW007	very_small
mm.domus.NW008	very_large
mm.domus.NW009	medium
mm.domus.NW011	small
mm.domus.NW012	small
mm.domus.NW013	unknown
mm.domus.NW014	medium
mm.domus.NW015	medium
mm.domus.NW016	very_small
mm.domus.NW017	medium
mm.domus.NW018	small
mm.domus.NW019	medium
mm.domus.NW020	large
mm.domus.NW021	very_large
mm.domus.NW022	very_small
mm.domus.NW023	small
mm.domus.NW024	small
mm.domus.NW025	medium
mm.domus.NW026	small
mm.domus.NW027	very_large
mm.domus.NW028	small
mm.domus.NW029	large
mm.domus.NW031	very_small
mm.domus.NW032	very_small
mm.domus.NW033	very_small
mm.domus.NW034	small
mm.domus.NW035	medium
mm.domus.NW036	small
mm.domus.NW038	small
mm.domus.NW039	medium
mm.domus.NW040	small
mm.domus.NW041	medium
mm.domus.NW042	medium
mm.domus.NW043	small
mm.domus.NW044	small
mm.domus.NW045	very_small
mm.domus.NW046	large
mm.domus.NW048	very_small
mm.domus.NW049	large
mm.domus.NW050	medium
mm.domus.NW052	medium
mm.domus.NW053	large
mm.domus.NW054	small
mm.domus.NW055	tiny
mm.domus.NW056	small
mm.domus.NW057	small
mm.domus.NW058	medium
mm.domus.NW059	small
mm.domus.NW060	large
mm.domus.NW061	small
mm.domus.NW062	small
mm.domus.NW064	small
mm.domus.NW065	very_small
mm.domus.NW067	small
mm.domus.NW068	very_small
mm.domus.NW069	very_small
mm.domus.NW070	very_large
mm.domus.NW071	small
mm.domus.NW072	small
mm.domus.NW073	unknown
mm.domus.NW074	large
mm.domus.NW075	medium
mm.domus.NW076	small
mm.domus.NW078	very_large
mm.domus.NW079	small
mm.domus.NW080	small
mm.domus.NW081	small
mm.domus.NW082	small
mm.domus.NW083	small
mm.domus.NW084	small
mm.domus.NW085	very_large
mm.domus.NW086	large
mm.domus.NW087	medium
mm.domus.NW088	small
mm.domus.NW089	unknown
mm.domus.NW090	unknown
mm.domus.NW091	unknown
mm.domus.NW093	small
mm.domus.NW094	very_small
mm.domus.NW095	medium
mm.domus.NW096	small
mm.domus.NW098	large
mm.domus.NW099	very_large
mm.domus.NW100	very_large
mm.domus.NW101	very_large
mm.domus.NW102	very_large
mm.domus.NW103	very_large
mm.domus.NW104	large
mm.domus.NW105	very_large
mm.domus.NW106	small
mm.domus.NW109	very_large
mm.domus.NW110	very_small
mm.domus.NW113	medium
mm.domus.NW114	small
mm.domus.NW115	small
mm.domus.NW118	small
mm.domus.NW120	small
mm.domus.NW121	medium
mm.domus.NW122	small
mm.domus.NW125	very_large
mm.domus.NW127	very_small
mm.domus.NW128	very_small
mm.domus.NW129	large
mm.domus.NW130	tiny
mm.domus.NW131	small
mm.domus.NW132	small
mm.domus.NW133	tiny
mm.domus.NW134	very_small
mm.domus.NW135	unknown
mm.domus.NW136	large
mm.domus.NW137	medium
mm.domus.NW138	small
mm.domus.NW139	small
mm.domus.NW140	small
mm.domus.NW141	small
mm.domus.NW142	small
mm.domus.NW143	very_small
mm.domus.NW144	very_large
mm.domus.NW145	very_large
mm.domus.NW147	tiny
mm.domus.NW148	medium
mm.domus.NW149	very_small
mm.domus.NW150	very_small
mm.domus.NW152	small
mm.domus.NW153	very_large
mm.domus.NW155	large
mm.domus.NW156	small
mm.domus.NW157	medium
mm.domus.NW158	medium
mm.domus.NW160	very_small
mm.domus.NW161	tiny
mm.domus.NW162	tiny
mm.domus.NW163	small
mm.domus.NW164	medium
mm.domus.NW165	very_small
mm.domus.NW166	very_large
mm.domus.NW167	very_small
mm.domus.NW168	unknown
mm.domus.NW169	very_large
mm.domus.NW170	very_large
mm.domus.NW171	very_large
mm.domus.NW172	medium
mm.domus.NW174	large
mm.domus.NW175	medium
mm.domus.NW176	large
mm.domus.NW177	medium
mm.domus.NW178	medium
mm.domus.NW179	tiny
mm.domus.NW180	very_large
mm.domus.NW181	medium
mm.domus.NW182	very_large
mm.domus.NW183	medium
mm.domus.NW184	unknown
mm.domus.NW185	unknown
mm.domus.NW186	unknown
mm.domus.NW187	small
mm.domus.NW188	unknown
mm.domus.NW189	small
mm.domus.NW190	unknown
mm.domus.NW191	medium
mm.domus.NW192	medium
mm.domus.NW194	unknown
mm.domus.NW195	unknown
mm.domus.SC001	very_small
mm.domus.SC002	very_large
mm.domus.SC003	very_large
mm.domus.SC004	large
mm.domus.SC005	large
mm.domus.SC006	very_small
mm.domus.SC007	very_small
mm.domus.SC008	tiny
mm.domus.SC009	very_small
mm.domus.SC010	unknown
mm.domus.SC011	very_small
mm.domus.SC012	very_small
mm.domus.SC013	large
mm.domus.SC014	large
mm.domus.SC016	very_small
mm.domus.SC017	very_small
mm.domus.SC018	small
mm.domus.SC019	tiny
mm.domus.SC020	medium
mm.domus.SC021	very_small
mm.domus.SC022	small
mm.domus.SC023	very_small
mm.domus.SC024	small
mm.domus.SC025	small
mm.domus.SC026	very_small
mm.domus.SC027	very_small
mm.domus.SC028	small
mm.domus.SC029	very_small
mm.domus.SC030	small
mm.domus.SC031	huge
mm.domus.SC032	small
mm.domus.SC033	tiny
mm.domus.SC034	very_small
mm.domus.SC036	very_small
mm.domus.SC037	very_small
mm.domus.SC038	small
mm.domus.SC039	medium
mm.domus.SC040	very_small
mm.domus.SC041	tiny
mm.domus.SC042	medium
mm.domus.SC043	medium
mm.domus.SC044	medium
mm.domus.SC045	medium
mm.domus.SC046	small
mm.domus.SC047	small
mm.domus.SC048	small
mm.domus.SC049	small
mm.domus.SC050	large
mm.domus.SC051	tiny
mm.domus.SC052	tiny
mm.domus.SC053	tiny
mm.domus.SC054	small
mm.domus.SC055	small
mm.domus.SC056	medium
mm.domus.SC057	small
mm.domus.SC059	small
mm.domus.SC061	very_small
mm.domus.SC062	small
mm.domus.SC063	small
mm.domus.SC064	small
mm.domus.SC065	small
mm.domus.SC066	small
mm.domus.SC068	small
mm.domus.SC069	very_large
mm.domus.SC070	very_small
mm.domus.SC071	small
mm.domus.SC072	very_small
mm.domus.SC073	medium
mm.domus.SC074	very_large
mm.domus.SC075	tiny
mm.domus.SC076	very_large
mm.domus.SC077	very_small
mm.domus.SC078	very_small
mm.domus.SC079	very_small
mm.domus.SC080	medium
mm.domus.SC081	small
mm.domus.SC082	small
mm.domus.SC083	medium
mm.domus.SC086	small
mm.domus.SC087	very_small
mm.domus.SC089	tiny
mm.domus.SC090	small
mm.domus.SC091	very_small
mm.domus.SC092	small
mm.domus.SC093	medium
mm.domus.SC094	medium
mm.domus.SC095	small
mm.domus.SC096	large
mm.domus.SC097	medium
mm.domus.SC098	very_small
mm.domus.SC099	very_small
mm.domus.SC100	unknown
mm.domus.SC102	unknown
mm.domus.SC103	small
mm.domus.SC104	unknown
mm.domus.SC105	unknown
mm.domus.SC106	unknown
mm.domus.SC110	small
mm.domus.SC111	very_small
mm.domus.SC112	very_small
mm.domus.SC113	small
mm.domus.SC114	small
mm.domus.SC115	small
mm.domus.SC116	very_small
mm.domus.SC117	small
mm.domus.SC118	medium
mm.domus.SC119	medium
mm.domus.SC120	medium
mm.domus.SC121	tiny
mm.domus.SC122	small
mm.domus.SC123	very_small
mm.domus.SC124	small
mm.domus.SC125	very_small
mm.domus.SC126	small
mm.domus.SC127	large
mm.domus.SC129	very_large
mm.domus.SC130	very_large
mm.domus.SC133	very_large
mm.domus.SC134	large
mm.domus.SC135	large
mm.domus.SC137	small
mm.domus.SC138	large
mm.domus.SC139	very_large
mm.domus.SC140	medium
mm.domus.SC141	medium
mm.domus.SC142	very_large
mm.domus.SC143	tiny
mm.domus.SC144	small
mm.domus.SC145	small
mm.domus.SC146	very_small
mm.domus.SC147	small
mm.domus.SC148	medium
mm.domus.SC149	large
mm.domus.SC150	tiny
mm.domus.SC151	very_small
mm.domus.SC152	medium
mm.domus.SC153	medium
mm.domus.SC154	small
mm.domus.SC155	very_small
mm.domus.SC156	small
mm.domus.SC157	small
mm.domus.SC158	very_small
mm.domus.SC159	small
mm.domus.SC160	large
mm.domus.SC161	small
mm.domus.SC162	medium
mm.domus.SC163	very_small
mm.domus.SC164	tiny
mm.domus.SC166	unknown
mm.domus.SC167	tiny
mm.domus.SC168	medium
mm.domus.SC169	medium
mm.domus.SC170	very_small
mm.domus.SC171	very_small
mm.domus.SC172	very_small
mm.domus.SC173	medium
mm.domus.SC174	very_small
mm.domus.SC175	very_small
mm.domus.SC176	small
mm.domus.SC177	very_large
mm.domus.SC178	medium
mm.domus.SC180	small
mm.domus.SC181	large
mm.domus.SC182	small
mm.domus.SC183	very_large
mm.domus.SC184	medium
mm.domus.SC185	tiny
mm.domus.SC186	medium
mm.domus.SC187	medium
mm.domus.SC188	small
mm.domus.SC189	small
mm.domus.SC190	tiny
mm.domus.SC191	tiny
mm.domus.SC192	medium
mm.domus.SC193	small
mm.domus.SC194	very_small
mm.domus.SC195	small
mm.domus.SC196	large
mm.domus.SC197	small
mm.domus.SC198	very_small
mm.domus.SC199	small
mm.domus.SC200	small
mm.domus.SC201	very_small
mm.domus.SC202	small
mm.domus.SC203	small
mm.domus.SC205	small
mm.domus.SC208	very_small
mm.domus.SC215	small
mm.domus.SC217	very_small
mm.domus.SC218	tiny
mm.domus.SC220	tiny
mm.domus.SC221	very_small
mm.domus.SC222	unknown
mm.domus.SC223	unknown
mm.domus.SC224	medium
mm.domus.SC225	tiny
mm.domus.SC226	small
mm.domus.SC227	small
mm.domus.SC228	medium
mm.domus.SC229	very_small
mm.domus.SC230	small
mm.domus.SC231	very_small
mm.domus.SC232	very_large
mm.domus.SC233	medium
mm.domus.SC234	medium
mm.domus.SC235	small
mm.domus.SC236	small
mm.domus.SC237	very_small
mm.domus.SC238	small
mm.domus.SC239	small
mm.domus.SC240	small
mm.domus.SC241	very_small
mm.domus.SC242	small
mm.domus.SC243	large
mm.domus.SC244	large
mm.domus.SC245	small
mm.domus.SC246	very_small
mm.domus.SC247	small
mm.domus.SC249	very_small
mm.domus.SC250	small
mm.domus.SC251	tiny
mm.domus.SC252	very_small
mm.domus.SC253	very_small
mm.domus.SC255	large
mm.domus.SC256	very_small
mm.domus.SC257	small
mm.domus.SC258	very_large
mm.domus.SC259	small
mm.domus.SC260	small
mm.domus.SC261	small
mm.domus.SC262	unknown
mm.domus.SC263	small
mm.domus.SC264	small
mm.domus.SC265	small
mm.domus.SC266	small
mm.domus.SC267	tiny
mm.domus.SC268	very_small
mm.domus.SC269	small
mm.domus.SC270	small
mm.domus.SC271	very_small
mm.domus.SC272	tiny
mm.domus.SC273	very_small
mm.domus.SC274	very_small
mm.domus.SC275	unknown
mm.domus.SC276	unknown
mm.domus.SC277	very_large
mm.domus.SC279	very_large
mm.domus.SC280	medium
mm.domus.SC281	large
mm.domus.SC282	small
mm.domus.SC283	very_large
mm.domus.SC284	very_large
mm.domus.SC285	very_large
mm.domus.SC287	very_small
mm.domus.SC288	very_small
mm.domus.SC289	small
mm.domus.SC290	medium
mm.domus.SC291	unknown
mm.domus.SC293	unknown
mm.domus.SC294	unknown
mm.domus.SC295	tiny
mm.domus.SC296	medium
mm.domus.SC297	very_small
mm.domus.SC298	very_small
mm.domus.SC299	small
mm.domus.SC300	unknown
mm.domus.SC301	very_small
mm.domus.SC302	very_small
mm.domus.SC303	very_small
mm.domus.SC305	tiny
mm.domus.SC306	very_small
mm.domus.SC307	tiny
mm.domus.SC308	unknown
mm.domus.SC309	unknown
mm.domus.SC310	unknown
mm.domus.SC311	medium
mm.domus.SC313	unknown
mm.domus.SC314	small
mm.domus.SC315	unknown
mm.domus.SC316	unknown
mm.domus.SC317	unknown
mm.domus.SC318	medium
mm.domus.SC319	unknown
mm.domus.SC320	very_small
mm.domus.SE001	medium
mm.domus.SE002	medium
mm.domus.SE003	medium
mm.domus.SE004	very_small
mm.domus.SE005	small
mm.domus.SE006	very_small
mm.domus.SE007	tiny
mm.domus.SE008	very_small
mm.domus.SE009	small
mm.domus.SE011	very_small
mm.domus.SE012	very_small
mm.domus.SE013	large
mm.domus.SE014	small
mm.domus.SE015	very_large
mm.domus.SE016	medium
mm.domus.SE017	huge
mm.domus.SE018	large
mm.domus.SE019	very_small
mm.domus.SE020	small
mm.domus.SE021	medium
mm.domus.SE022	large
mm.domus.SE023	small
mm.domus.SE024	medium
mm.domus.SE026	small
mm.domus.SE027	medium
mm.domus.SE028	very_small
mm.domus.SE029	small
mm.domus.SE030	very_large
mm.domus.SE031	small
mm.domus.SE032	very_small
mm.domus.SE033	very_large
mm.domus.SE034	small
mm.domus.SE035	very_small
mm.domus.SE036	medium
mm.domus.SE037	very_small
mm.domus.SE038	tiny
mm.domus.SE039	very_large
mm.domus.SE040	small
mm.domus.SE041	medium
mm.domus.SE042	small
mm.domus.SE043	medium
mm.domus.SE044	small
mm.domus.SE045	small
mm.domus.SE046	very_small
mm.domus.SE047	large
mm.domus.SE048	very_large
mm.domus.SE049	medium
mm.domus.SE050	small
mm.domus.SE051	small
mm.domus.SE052	very_small
mm.domus.SE053	small
mm.domus.SE054	medium
mm.domus.SE056	very_small
mm.domus.SE057	small
mm.domus.SE058	small
mm.domus.SE059	very_small
mm.domus.SE060	medium
mm.domus.SE061	very_small
mm.domus.SE062	very_small
mm.domus.SE063	medium
mm.domus.SE064	very_large
mm.domus.SE065	medium
mm.domus.SE066	medium
mm.domus.SE067	large
mm.domus.SE068	tiny
mm.domus.SE069	very_small
mm.domus.SE070	very_large
mm.domus.SE071	large
mm.domus.SE072	small
mm.domus.SE073	huge
mm.domus.SE074	small
mm.domus.SE075	small
mm.domus.SE076	unknown
mm.domus.SE077	small
mm.domus.SE078	small
mm.domus.SE079	small
mm.domus.SE080	medium
mm.domus.SE081	very_large
mm.domus.SE082	very_small
mm.domus.SE083	very_small
mm.domus.SE084	medium
mm.domus.SE085	small
mm.domus.SE087	unknown
mm.domus.SE088	very_large
mm.domus.SE089	tiny
mm.domus.SE090	small
mm.domus.SE091	medium
mm.domus.SE092	very_small
mm.domus.SE093	huge
mm.domus.SE094	very_large
mm.domus.SE095	large
mm.domus.SE096	very_large
mm.domus.SE097	medium
mm.domus.SE098	very_small
mm.domus.SE099	large
mm.domus.SE100	unknown
mm.domus.SE101	very_large
mm.domus.SE102	small
mm.domus.SE103	small
mm.domus.SE104	unknown
mm.domus.SE105	small
mm.domus.SE106	small
mm.domus.SE107	unknown
mm.domus.SE109	unknown
mm.domus.SE110	small
mm.domus.SE111	small
mm.domus.SE112	small
mm.domus.SE113	small
mm.domus.SE114	medium
mm.domus.SE115	small
mm.domus.SE116	small
mm.domus.SE117	tiny
mm.domus.SE118	small
mm.domus.SE119	small
mm.domus.SE121	large
mm.domus.SE122	unknown
mm.domus.SE123	very_small
mm.domus.SE125	very_small
mm.domus.SE126	very_small
mm.domus.SE127	medium
mm.domus.SE128	large
mm.domus.SE129	medium
mm.domus.SE130	large
mm.domus.SE131	medium
mm.domus.SE132	tiny
mm.domus.SE133	small
mm.domus.SE134	small
mm.domus.SE135	very_small
mm.domus.SE136	small
mm.domus.SE137	very_small
mm.domus.SE138	very_small
mm.domus.SE139	very_small
mm.domus.SE140	very_large
mm.domus.SE141	tiny
mm.domus.SE142	small
mm.domus.SE143	medium
mm.domus.SE146	medium
mm.domus.SE147	medium
mm.domus.SE148	small
mm.domus.SE149	small
mm.domus.SE150	small
mm.domus.SE152	very_small
mm.domus.SE153	very_small
mm.domus.SE154	very_small
mm.domus.SE155	small
mm.domus.SE156	small
mm.domus.SE157	small
mm.domus.SE158	small
mm.domus.SE159	small
mm.domus.SE160	very_small
mm.domus.SE161	small
mm.domus.SE162	tiny
mm.domus.SE164	small
mm.domus.SE165	small
mm.domus.SE166	small
mm.domus.SE167	very_small
mm.domus.SE168	huge
mm.domus.SE169	small
mm.domus.SE170	medium
mm.domus.SE171	small
mm.domus.SE172	small
mm.domus.SE173	very_small
mm.domus.SE174	very_small
mm.domus.SE175	tiny
mm.domus.SE176	very_small
mm.domus.SE177	small
mm.domus.SE178	small
mm.domus.SE179	medium
mm.domus.SE180	large
mm.domus.SE181	large
mm.domus.SE182	medium
mm.domus.SE183	medium
mm.domus.SE184	small
mm.domus.SE185	very_large
mm.domus.SE187	small
mm.domus.SE188	very_small
mm.domus.SE189	tiny
mm.domus.SE190	very_small
mm.domus.SE191	medium
mm.domus.SE192	small
mm.domus.SE193	very_small
mm.domus.SE194	tiny
mm.domus.SE195	medium
mm.domus.SE196	small
mm.domus.SE197	small
mm.domus.SE198	tiny
mm.domus.SE199	tiny
mm.domus.SE200	medium
mm.domus.SE201	tiny
mm.domus.SE202	medium
mm.domus.SE204	large
mm.domus.SE205	very_large
mm.domus.SE208	unknown
mm.domus.SE209	medium
mm.domus.SE210	medium
mm.domus.SE211	very_large
mm.domus.SE212	small
mm.domus.SE213	very_large
mm.domus.SE214	very_large
mm.domus.SE215	small
mm.domus.SE216	very_large
mm.domus.SE218	large
mm.domus.SE219	medium
mm.domus.SE220	medium
mm.domus.SE221	small
mm.domus.SE222	medium
mm.domus.SE224	large
mm.domus.SE225	very_small
mm.domus.SE226	small
mm.domus.SE227	small
mm.domus.SE228	very_small
mm.domus.SE229	very_large
mm.domus.SE230	small
mm.domus.SE231	medium
mm.domus.SE232	small
mm.domus.SE233	unknown
mm.domus.SE234	medium
mm.domus.SE235	small
mm.domus.SE236	medium
mm.domus.SE237	large
mm.domus.SE240	very_small
mm.domus.SE241	large
mm.domus.SE242	very_small
mm.domus.SE243	small
mm.domus.SE245	small
mm.domus.SE246	small
mm.domus.SE247	medium
mm.domus.SE248	very_small
mm.domus.SE249	very_small
mm.domus.SE250	small
mm.domus.SE251	medium
mm.domus.SE252	very_small
mm.domus.SE253	very_small
mm.domus.SE254	medium
mm.domus.SE255	small
mm.domus.SE256	medium
mm.domus.SE257	large
mm.domus.SE258	very_small
mm.domus.SE259	large
mm.domus.SE260	small
mm.domus.SE261	small
mm.domus.SE263	small
mm.domus.SE264	small
mm.domus.SE265	medium
mm.domus.SE267	small
mm.domus.SE268	small
mm.domus.SE269	very_small
mm.domus.SE270	very_small
mm.domus.SE271	medium
mm.domus.SE272	small
mm.domus.SE273	small
mm.domus.SE274	small
mm.domus.SE275	medium
mm.domus.SE276	small
mm.domus.SE277	medium
mm.domus.SE278	medium
mm.domus.SE279	large
mm.domus.SE281	small
mm.domus.SE282	small
mm.domus.SE284	large
mm.domus.SE285	large
mm.domus.SE286	medium
mm.domus.SE287	very_small
mm.domus.SE288	very_small
mm.domus.SE289	small
mm.domus.SE290	medium
mm.domus.SE291	medium
mm.domus.SE292	tiny
mm.domus.SE293	very_small
mm.domus.SE294	very_small
mm.domus.SE295	medium
mm.domus.SE296	very_small
mm.domus.SE297	large
mm.domus.SE298	medium
mm.domus.SE299	small
mm.domus.SE300	medium
mm.domus.SE301	very_small
mm.domus.SE302	medium
mm.domus.SE303	small
mm.domus.SE304	large
mm.domus.SE305	large
mm.domus.SE306	tiny
mm.domus.SE307	medium
mm.domus.SE308	large
mm.domus.SE309	very_large
mm.domus.SE310	small
mm.domus.SE311	medium
mm.domus.SE312	very_large
mm.domus.SE315	large
mm.domus.SE316	small
mm.domus.SE317	tiny
mm.domus.SE318	medium
mm.domus.SE319	small
mm.domus.SE320	very_large
mm.domus.SE321	large
mm.domus.SE322	medium
mm.domus.SE323	very_small
mm.domus.SE324	small
mm.domus.SE326	small
mm.domus.SE327	small
mm.domus.SE328	very_small
mm.domus.SE329	very_small
mm.domus.SE330	large
mm.domus.SE331	small
mm.domus.SE332	small
mm.domus.SE333	large
mm.domus.SE334	small
mm.domus.SE335	very_small
mm.domus.SE336	very_small
mm.domus.SE337	very_large
mm.domus.SE338	tiny
mm.domus.SE339	large
mm.domus.SE340	small
mm.domus.SE341	small
mm.domus.SE343	medium
mm.domus.SE345	small
mm.domus.SE346	medium
mm.domus.SE347	small
mm.domus.SE348	small
mm.domus.SE349	small
mm.domus.SE350	large
mm.domus.SE351	very_large
mm.domus.SE352	tiny
mm.domus.SE353	small
mm.domus.SE354	small
mm.domus.SE356	very_large
mm.domus.SE357	small
mm.domus.SE358	medium
mm.domus.SE359	small
mm.domus.SE360	small
mm.domus.SE361	tiny
mm.domus.SE362	very_small
mm.domus.SE363	very_small
mm.domus.SE364	large
mm.domus.SE365	medium
mm.domus.SE366	very_small
mm.domus.SE367	very_small
mm.domus.SE368	medium
mm.domus.SE369	tiny
mm.domus.SE370	small
mm.domus.SE371	tiny
mm.domus.SE372	very_small
mm.domus.SE373	medium
mm.domus.SE374	medium
mm.domus.SE375	very_large
mm.domus.SE376	tiny
mm.domus.SE377	large
mm.domus.SE378	medium
mm.domus.SE379	large
mm.domus.SE380	small
mm.domus.SE381	medium
mm.domus.SE382	small
mm.domus.SE383	very_large
mm.domus.SE384	tiny
mm.domus.SE386	small
mm.domus.SE387	medium
mm.domus.SE388	very_large
mm.domus.SE389	very_small
mm.domus.SE390	medium
mm.domus.SE391	small
mm.domus.SE392	very_large
mm.domus.SE393	very_large
mm.domus.SE394	large
mm.domus.SE395	very_small
mm.domus.SE396	medium
mm.domus.SE397	small
mm.domus.SE398	very_small
mm.domus.SE399	tiny
mm.domus.SE400	small
mm.domus.SE402	tiny
mm.domus.SE403	very_small
mm.domus.SE404	medium
mm.domus.SE405	very_large
mm.domus.SE406	very_small
mm.domus.SE407	very_small
mm.domus.SE408	small
mm.domus.SE409	very_small
mm.domus.SE410	very_small
mm.domus.SE411	large
mm.domus.SE412	small
mm.domus.SE413	tiny
mm.domus.SE414	medium
mm.domus.SE415	large
mm.domus.SE416	small
mm.domus.SE417	medium
mm.domus.SE418	very_small
mm.domus.SE419	small
mm.domus.SE420	small
mm.domus.SE421	medium
mm.domus.SE422	very_small
mm.domus.SE423	very_small
mm.domus.SE424	small
mm.domus.SE425	very_small
mm.domus.SE426	medium
mm.domus.SE427	medium
mm.domus.SE428	very_small
mm.domus.SE429	tiny
mm.domus.SE430	small
mm.domus.SE431	small
mm.domus.SE432	tiny
mm.domus.SE434	tiny
mm.domus.SE435	very_small
mm.domus.SE436	small
mm.domus.SE437	large
mm.domus.SE438	medium
mm.domus.SE439	small
mm.domus.SE440	tiny
mm.domus.SE441	very_large
mm.domus.SE442	medium
mm.domus.SE444	huge
mm.domus.SE445	small
mm.domus.SE446	large
mm.domus.SE447	medium
mm.domus.SE448	unknown
mm.domus.SE449	medium
mm.domus.SE451	medium
mm.domus.SE452	medium
mm.domus.SE453	medium
mm.domus.SE454	very_small
mm.domus.SE455	very_small
mm.domus.SE456	medium
mm.domus.SE457	small
mm.domus.SE458	small
mm.domus.SE459	very_small
mm.domus.SE460	very_small
mm.domus.SE461	medium
mm.domus.SE462	medium
mm.domus.SE463	very_small
mm.domus.SE464	tiny
mm.domus.SE466	small
mm.domus.SE467	very_small
mm.domus.SE468	very_small
mm.domus.SE469	very_small
mm.domus.SE470	large
mm.domus.SE471	very_large
mm.domus.SE472	small
mm.domus.SE473	small
mm.domus.SE474	small
mm.domus.SE475	very_large
mm.domus.SE478	very_large
mm.domus.SE480	very_small
mm.domus.SE481	tiny
mm.domus.SE482	small
mm.domus.SE483	small
mm.domus.SE484	tiny
mm.domus.SE485	large
mm.domus.SE486	medium
mm.domus.SE488	small
mm.domus.SE489	tiny
mm.domus.SE490	very_large
mm.domus.SE491	medium
mm.domus.SE492	small
mm.domus.SE493	very_small
mm.domus.SE494	tiny
mm.domus.SE495	very_small
mm.domus.SE496	tiny
mm.domus.SE498	medium
mm.domus.SE499	large
mm.domus.SE500	very_large
mm.domus.SE501	large
mm.domus.SE503	very_small
mm.domus.SE504	very_small
mm.domus.SE505	small
mm.domus.SE506	small
mm.domus.SE507	huge
mm.domus.SE508	small
mm.domus.SE509	unknown
mm.domus.SE510	unknown
mm.domus.SE511	very_large
mm.domus.SE513	small
mm.domus.SE514	large
mm.domus.SE515	small
mm.domus.SE516	medium
mm.domus.SE517	medium
mm.domus.SE518	large
mm.domus.SE519	small
mm.domus.SE520	small
mm.domus.SE521	small
mm.domus.SE522	medium
mm.domus.SE523	small
mm.domus.SE524	very_small
mm.domus.SE525	medium
mm.domus.SE526	medium
mm.domus.SE527	large
mm.domus.SE528	large
mm.domus.SE529	small
mm.domus.SE530	small
mm.domus.SE531	very_large
mm.domus.SE532	very_large
mm.domus.SE533	very_large
mm.domus.SE534	very_small
mm.domus.SE535	small
mm.domus.SE536	very_large
mm.domus.SE537	medium
mm.domus.SE538	very_large
mm.domus.SE539	very_large
mm.domus.SE540	medium
mm.domus.SE541	very_large
mm.domus.SE542	small
mm.domus.SE543	large
mm.domus.SE544	large
mm.domus.SE545	very_large
mm.domus.SE546	medium
mm.domus.SE547	very_large
mm.domus.SE548	large
mm.domus.SE549	very_large
mm.domus.SE550	large
mm.domus.SE551	very_small
mm.domus.SE552	large
mm.domus.SE553	medium
mm.domus.SE554	large
mm.domus.SE555	unknown
mm.domus.SE556	very_large
mm.domus.SE557	very_large
mm.domus.SE558	large
mm.domus.SE559	large
mm.domus.SE560	very_small
mm.domus.SE561	very_small
mm.domus.SE562	small
mm.domus.SE563	medium
mm.domus.SE564	small
mm.domus.SE565	medium
mm.domus.SE566	huge
mm.domus.SE567	tiny
mm.domus.SE568	unknown
mm.domus.SE570	very_large
mm.domus.SE571	unknown
mm.domus.SE572	tiny
mm.domus.SE573	large
mm.domus.SE575	tiny
mm.domus.SE576	small
mm.domus.SE577	tiny
mm.domus.SE578	very_small
mm.domus.SE579	medium
mm.domus.SE580	unknown
mm.domus.SE581	unknown
mm.domus.SE582	small
mm.domus.SE583	huge
mm.domus.SE584	unknown
mm.domus.SE585	medium
mm.domus.SE586	medium
mm.domus.SE587	very_small
mm.domus.SE588	small
mm.domus.SE589	unknown
mm.domus.SE590	small
mm.domus.SE591	small
mm.domus.SE592	unknown
mm.domus.SE593	medium
mm.domus.SE595	unknown
mm.domus.SE596	small
mm.domus.SE597	small
mm.domus.SE598	unknown
mm.domus.SE599	small
mm.domus.SE600	large
mm.domus.SE601	medium
mm.domus.SE602	unknown
mm.domus.SE603	small
mm.domus.SE604	small
mm.domus.SE605	unknown
mm.domus.SE606	large
mm.domus.SW001	small
mm.domus.SW002	very_small
mm.domus.SW003	small
mm.domus.SW004	very_small
mm.domus.SW005	small
mm.domus.SW006	small
mm.domus.SW007	very_large
mm.domus.SW008	very_large
mm.domus.SW009	large
mm.domus.SW010	small
mm.domus.SW011	small
mm.domus.SW012	medium
mm.domus.SW013	small
mm.domus.SW014	small
mm.domus.SW016	unknown
mm.domus.SW017	small
mm.domus.SW018	medium
mm.domus.SW019	very_large
mm.domus.SW020	very_small
mm.domus.SW021	large
mm.domus.SW022	small
mm.domus.SW023	small
mm.domus.SW024	very_large
mm.domus.SW025	very_small
mm.domus.SW026	very_small
mm.domus.SW027	very_small
mm.domus.SW028	small
mm.domus.SW029	large
mm.domus.SW030	small
mm.domus.SW031	medium
mm.domus.SW032	small
mm.domus.SW033	tiny
mm.domus.SW034	tiny
mm.domus.SW035	very_small
mm.domus.SW036	medium
mm.domus.SW037	medium
mm.domus.SW038	very_small
mm.domus.SW039	small
mm.domus.SW041	small
mm.domus.SW042	medium
mm.domus.SW043	small
mm.domus.SW044	very_small
mm.domus.SW045	very_small
mm.domus.SW046	very_small
mm.domus.SW047	small
mm.domus.SW048	small
mm.domus.SW049	very_large
mm.domus.SW050	large
mm.domus.SW052	large
mm.domus.SW053	very_small
mm.domus.SW054	medium
mm.domus.SW055	small
mm.domus.SW056	very_small
mm.domus.SW057	very_small
mm.domus.SW058	small
mm.domus.SW059	small
mm.domus.SW060	tiny
mm.domus.SW061	very_small
mm.domus.SW063	small
mm.domus.SW064	very_large
mm.domus.SW065	medium
mm.domus.SW066	medium
mm.domus.SW067	small
mm.domus.SW068	large
mm.domus.SW069	medium
mm.domus.SW070	medium
mm.domus.SW071	small
mm.domus.SW072	tiny
mm.domus.SW073	unknown
mm.domus.SW074	medium
mm.domus.SW075	medium
mm.domus.SW076	very_small
mm.domus.SW077	small
mm.domus.SW078	unknown
mm.domus.SW079	medium
mm.domus.SW080	small
mm.domus.SW081	small
mm.domus.SW082	medium
mm.domus.SW083	small
mm.domus.SW084	medium
mm.domus.SW085	very_small
mm.domus.SW086	small
mm.domus.SW087	tiny
mm.domus.SW088	very_large
mm.domus.SW091	small
mm.domus.SW092	small
mm.domus.SW093	small
mm.domus.SW094	very_small
mm.domus.SW095	small
mm.domus.SW096	small
mm.domus.SW097	small
mm.domus.SW098	tiny
mm.domus.SW099	very_small
mm.domus.SW100	very_large
mm.domus.SW101	small
mm.domus.SW102	small
mm.domus.SW103	small
mm.domus.SW104	unknown
mm.domus.SW105	medium
mm.domus.SW106	very_small
mm.domus.SW107	medium
mm.domus.SW108	unknown
mm.domus.SW109	unknown
mm.domus.SW110	large
mm.domus.SW111	small
mm.domus.SW112	small
mm.domus.SW113	small
mm.domus.SW114	very_small
mm.domus.SW115	small
mm.domus.SW116	very_small
mm.domus.SW117	small
mm.domus.SW118	very_large
mm.domus.SW119	very_small
mm.domus.SW120	medium
mm.domus.SW121	large
mm.domus.SW122	medium
mm.domus.SW123	medium
mm.domus.SW124	small
mm.domus.SW125	very_small
mm.domus.SW126	small
mm.domus.SW127	very_large
mm.domus.SW128	medium
mm.domus.SW129	very_small
mm.domus.SW130	small
mm.domus.SW131	very_large
mm.domus.SW132	medium
mm.domus.SW133	large
mm.domus.SW134	medium
mm.domus.SW135	very_small
mm.domus.SW136	very_small
mm.domus.SW137	small
mm.domus.SW138	small
mm.domus.SW139	medium
mm.domus.SW140	small
mm.domus.SW141	small
mm.domus.SW142	small
mm.domus.SW143	tiny
mm.domus.SW144	unknown
mm.domus.SW145	small
mm.domus.SW146	medium
mm.domus.SW147	unknown
mm.domus.SW148	very_small
mm.domus.SW150	small
mm.domus.SW151	very_small
mm.domus.SW152	very_small
mm.domus.SW153	tiny
mm.domus.SW154	tiny
mm.domus.SW155	medium
mm.domus.SW156	small
mm.domus.SW157	very_small
mm.domus.SW158	small
mm.domus.SW159	very_small
mm.domus.SW160	medium
mm.domus.SW161	very_small
mm.domus.SW162	small
mm.domus.SW163	very_small
mm.domus.SW164	very_small
mm.domus.SW165	very_small
mm.domus.SW166	small
mm.domus.SW167	very_small
mm.domus.SW168	very_small
mm.domus.SW169	small
mm.domus.SW170	very_large
mm.domus.SW171	small
mm.domus.SW172	small
mm.domus.SW173	very_small
mm.domus.SW174	unknown
mm.domus.SW175	small
mm.domus.SW176	small
mm.domus.SW177	small
mm.domus.SW178	large
mm.domus.SW179	very_large
mm.domus.SW181	very_small
mm.domus.SW182	large
mm.domus.SW183	unknown
mm.domus.SW184	very_small
mm.domus.SW185	very_small
mm.domus.SW186	small
mm.domus.SW187	small
mm.domus.SW188	very_small
mm.domus.SW189	medium
mm.domus.SW190	very_small
mm.domus.SW191	small
mm.domus.SW192	medium
mm.domus.SW193	medium
mm.domus.SW195	medium
mm.domus.SW196	very_small
mm.domus.SW197	very_small
mm.domus.SW198	medium
mm.domus.SW199	very_large
mm.domus.SW200	medium
mm.domus.SW201	very_large
mm.domus.SW202	medium
mm.domus.SW203	very_large
mm.domus.SW204	large
mm.domus.SW205	very_small
mm.domus.SW206	small
mm.domus.SW207	small
mm.domus.SW208	small
mm.domus.SW209	small
mm.domus.SW210	very_large
mm.domus.SW211	very_large
mm.domus.SW212	small
mm.domus.SW213	small
mm.domus.SW214	very_large
mm.domus.SW215	large
mm.domus.SW216	very_small
mm.domus.SW217	medium
mm.domus.SW218	medium
mm.domus.SW219	very_large
mm.domus.SW220	very_small
mm.domus.SW221	unknown
mm.domus.SW222	medium
mm.domus.SW223	very_small
mm.domus.SW224	large
mm.domus.SW225	small
mm.domus.SW226	unknown
mm.domus.SW227	medium
mm.domus.SW228	unknown
mm.domus.SW229	unknown
mm.domus.SW230	large
mm.domus.SW231	large
mm.domus.SW234	large
mm.domus.SW235	very_large
mm.domus.SW236	unknown
mm.domus.SW237	very_large
mm.domus.SW238	unknown
mm.domus.SW239	unknown
mm.domus.SW240	medium
mm.domus.SW241	large
mm.domus.SW242	unknown
mm.domus.SW243	unknown
mm.domus.SW244	unknown
mm.domus.SW245	unknown
mm.domus.SW246	very_small
mm.domus.WA002	medium
mm.domus.WA003	small
mm.domus.WA004	small
mm.domus.WA005	medium
mm.domus.WA006	small
mm.domus.WA007	medium
mm.domus.WA009	small
mm.domus.WA010	unknown
mm.domus.WA011	tiny
mm.domus.WA012	large
mm.domus.WA013	medium
mm.domus.WA014	small
mm.domus.WA015	small
mm.domus.WA016	very_large
mm.domus.WA017	very_small
mm.domus.WA018	medium
mm.domus.WA019	small
mm.domus.WA020	small
mm.domus.WA021	very_small
mm.domus.WA022	small
mm.domus.WA024	small
mm.domus.WA025	tiny
mm.domus.WA026	very_large
mm.domus.WA027	small
mm.domus.WA028	small
mm.domus.WA029	tiny
mm.domus.WA030	small
mm.domus.WA031	medium
mm.domus.WA033	large
mm.domus.WA034	medium
mm.domus.WA035	very_large
mm.domus.WA037	very_small
mm.domus.WA038	tiny
mm.domus.WA039	very_small
mm.domus.WA040	very_small
mm.domus.WA041	very_small
mm.domus.WA042	small
mm.domus.WA044	very_small
mm.domus.WA045	very_small
mm.domus.WA046	very_small
mm.domus.WA047	small
mm.domus.WA048	very_small
mm.domus.WA049	small
mm.domus.WA050	small
mm.domus.WA051	small
mm.domus.WA052	small
mm.domus.WA053	large
mm.domus.WA054	very_small
mm.domus.WA055	medium
mm.domus.WA056	medium
mm.domus.WA057	medium
mm.domus.WA059	medium
mm.domus.WA060	small
mm.domus.WA061	very_small
mm.domus.WA062	medium
mm.domus.WA063	medium
mm.domus.WA064	small
mm.domus.WA065	large
mm.domus.WA066	very_large
mm.domus.WA067	medium
mm.domus.WA069	very_small
mm.domus.WA070	medium
mm.domus.WA071	very_small
mm.domus.WA072	very_small
mm.domus.WA073	tiny
mm.domus.WA074	small
mm.domus.WA075	large
mm.domus.WA076	very_small
mm.domus.WA077	large
mm.domus.WA078	large
mm.domus.WA079	small
mm.domus.WA081	very_small
mm.domus.WA082	very_large
mm.domus.WA083	very_small
mm.domus.WA084	small
mm.domus.WA085	very_large
mm.domus.WA086	large
mm.domus.WA087	very_large
mm.domus.WA088	very_small
mm.domus.WA089	medium
mm.domus.WA090	small
mm.domus.WA091	medium
mm.domus.WA092	large
mm.domus.WA093	medium
mm.domus.WA094	small
mm.domus.WA095	small
mm.domus.WA096	small
mm.domus.WA097	unknown
mm.domus.WA098	unknown
mm.domus.WA099	tiny
mm.domus.WA100	medium
mm.domus.WA101	unknown
mm.domus.WA102	unknown
mm.domus.WA103	unknown
mm.domus.WM001	medium
mm.domus.WM002	very_small
mm.domus.WM003	small
mm.domus.WM004	small
mm.domus.WM005	medium
mm.domus.WM006	small
mm.domus.WM007	small
mm.domus.WM008	small
mm.domus.WM009	tiny
mm.domus.WM010	large
mm.domus.WM011	medium
mm.domus.WM012	small
mm.domus.WM013	very_large
mm.domus.WM014	small
mm.domus.WM015	medium
mm.domus.WM016	large
mm.domus.WM017	medium
mm.domus.WM018	small
mm.domus.WM019	unknown
mm.domus.WM020	small
mm.domus.WM021	medium
mm.domus.WM022	tiny
mm.domus.WM023	small
mm.domus.WM024	medium
mm.domus.WM025	small
mm.domus.WM027	medium
mm.domus.WM028	medium
mm.domus.WM029	very_large
mm.domus.WM030	large
mm.domus.WM031	large
mm.domus.WM032	large
mm.domus.WM033	very_large
mm.domus.WM034	medium
mm.domus.WM035	small
mm.domus.WM036	small
mm.domus.WM037	small
mm.domus.WM038	very_large
mm.domus.WM039	medium
mm.domus.WM040	small
mm.domus.WM041	small
mm.domus.WM042	very_large
mm.domus.WM043	large
mm.domus.WM044	small
mm.domus.WM045	small
mm.domus.WM046	very_small
mm.domus.WM047	medium
mm.domus.WM048	small
mm.domus.WM049	medium
mm.domus.WM050	very_small
mm.domus.WM051	tiny
mm.domus.WM052	medium
mm.domus.WM053	small
mm.domus.WM054	medium
mm.domus.WM055	small
mm.domus.WM056	medium
mm.domus.WM057	small
mm.domus.WM058	large
mm.domus.WM059	small
mm.domus.WM060	very_large
mm.domus.WM061	small
mm.domus.WM062	small
mm.domus.WM063	very_large
mm.domus.WM064	very_large
mm.domus.WM065	medium
mm.domus.WM066	small
mm.domus.WM067	very_small
mm.domus.WM068	small
mm.domus.WM070	very_small
mm.domus.WM071	very_small
mm.domus.WM072	very_small
mm.domus.WM073	medium
mm.domus.WM074	small
mm.domus.WM075	very_large
mm.domus.WM076	unknown
mm.domus.WM077	small
mm.domus.WM078	small
mm.domus.WM079	very_small
mm.domus.WM080	medium
mm.domus.WM081	very_small
mm.domus.WM082	medium
mm.domus.WM085	very_small
mm.domus.WM086	large
mm.domus.WM087	small
mm.domus.WM088	very_large
mm.domus.WM089	small
mm.domus.WM090	small
mm.domus.WM092	small
mm.domus.WM093	very_small
mm.domus.WM094	medium
mm.domus.WM095	very_small
mm.domus.WM097	very_small
mm.domus.WM098	medium
mm.domus.WM099	small
mm.domus.WM100	large
mm.domus.WM101	unknown
mm.domus.WM103	small
mm.domus.WM104	small
mm.domus.WM106	tiny
mm.domus.WM107	small
mm.domus.WM108	unknown
mm.domus.WM109	unknown
mm.domus.WM110	small
mm.domus.WM111	small
mm.domus.WM112	small
mm.domus.WM113	tiny
mm.domus.WM115	medium
mm.domus.WM116	small
mm.domus.WM117	small
mm.domus.WM118	small
mm.domus.WM119	very_small
mm.domus.WM120	medium
mm.domus.WM121	very_small
mm.domus.WM122	small
mm.domus.WM123	medium
mm.domus.WM124	large
mm.domus.WM125	medium
mm.domus.WM126	very_large
mm.domus.WM127	medium
mm.domus.WM129	medium
mm.domus.WM130	small
mm.domus.WM131	medium
mm.domus.WM132	small
mm.domus.WM134	very_large
mm.domus.WM135	medium
mm.domus.WM136	very_large
mm.domus.WM137	medium
mm.domus.WM138	large
mm.domus.WM139	small
mm.domus.WM140	very_large
mm.domus.WM141	unknown
mm.domus.WM142	unknown
mm.domus.WM143	unknown
mm.domus.WM144	unknown
mm.domus.WM145	very_small
mm.domus.WM146	unknown
mm.domus.WM147	small
mm.domus.YH001	unknown
mm.domus.YH002	small
mm.domus.YH003	very_large
mm.domus.YH004	small
mm.domus.YH005	large
mm.domus.YH006	medium
mm.domus.YH007	medium
mm.domus.YH008	very_large
mm.domus.YH009	large
mm.domus.YH010	medium
mm.domus.YH011	medium
mm.domus.YH012	medium
mm.domus.YH013	small
mm.domus.YH014	large
mm.domus.YH015	small
mm.domus.YH016	medium
mm.domus.YH017	small
mm.domus.YH018	very_small
mm.domus.YH020	very_large
mm.domus.YH021	medium
mm.domus.YH022	small
mm.domus.YH023	medium
mm.domus.YH024	medium
mm.domus.YH026	large
mm.domus.YH027	large
mm.domus.YH029	very_large
mm.domus.YH030	small
mm.domus.YH031	medium
mm.domus.YH032	very_small
mm.domus.YH033	small
mm.domus.YH034	small
mm.domus.YH035	large
mm.domus.YH036	large
mm.domus.YH037	medium
mm.domus.YH038	large
mm.domus.YH039	medium
mm.domus.YH040	medium
mm.domus.YH043	medium
mm.domus.YH044	small
mm.domus.YH045	medium
mm.domus.YH046	small
mm.domus.YH047	medium
mm.domus.YH048	very_large
mm.domus.YH049	medium
mm.domus.YH050	small
mm.domus.YH051	small
mm.domus.YH052	medium
mm.domus.YH053	large
mm.domus.YH054	large
mm.domus.YH055	large
mm.domus.YH056	medium
mm.domus.YH057	very_small
mm.domus.YH058	tiny
mm.domus.YH059	large
mm.domus.YH060	very_large
mm.domus.YH061	small
mm.domus.YH063	very_small
mm.domus.YH064	medium
mm.domus.YH065	small
mm.domus.YH066	very_large
mm.domus.YH068	large
mm.domus.YH069	tiny
mm.domus.YH070	very_small
mm.domus.YH071	small
mm.domus.YH072	very_large
mm.domus.YH073	medium
mm.domus.YH074	medium
mm.domus.YH075	very_small
mm.domus.YH076	small
mm.domus.YH077	medium
mm.domus.YH079	large
mm.domus.YH080	very_large
mm.domus.YH081	medium
mm.domus.YH082	small
mm.domus.YH083	large
mm.domus.YH084	medium
mm.domus.YH085	medium
mm.domus.YH086	medium
mm.domus.YH087	very_small
mm.domus.YH088	small
mm.domus.YH089	small
mm.domus.YH090	tiny
mm.domus.YH091	small
mm.domus.YH092	small
mm.domus.YH093	medium
mm.domus.YH094	very_large
mm.domus.YH095	medium
mm.domus.YH096	very_large
mm.domus.YH097	large
mm.domus.YH099	very_large
mm.domus.YH101	large
mm.domus.YH102	large
mm.domus.YH103	small
mm.domus.YH104	very_small
mm.domus.YH105	very_small
mm.domus.YH106	small
mm.domus.YH107	medium
mm.domus.YH108	unknown
mm.domus.YH109	unknown
mm.domus.YH110	small
mm.domus.YH111	small
mm.domus.YH112	medium
mm.domus.YH113	small
mm.domus.YH115	small
mm.domus.YH116	very_small
mm.domus.YH117	very_large
mm.domus.YH118	small
mm.domus.YH119	medium
mm.domus.YH120	small
mm.domus.YH122	medium
mm.domus.YH123	medium
mm.domus.YH124	very_small
mm.domus.YH125	very_small
mm.domus.YH130	medium
mm.domus.YH131	medium
mm.domus.YH132	small
mm.domus.YH133	large
mm.domus.YH134	very_large
mm.domus.YH135	medium
mm.domus.YH136	large
mm.domus.YH137	medium
mm.domus.YH138	small
mm.domus.YH140	medium
mm.domus.YH141	very_small
mm.domus.YH142	very_small
mm.domus.YH143	very_small
mm.domus.YH144	small
mm.domus.YH145	very_large
mm.domus.YH146	very_large
mm.domus.YH147	very_small
mm.domus.YH148	medium
mm.domus.YH149	very_large
mm.domus.YH150	unknown
mm.domus.YH151	small
mm.domus.YH152	very_small
mm.domus.YH153	large
mm.domus.YH154	small
mm.domus.YH155	large
mm.domus.YH156	very_large
mm.domus.YH157	very_large
mm.domus.YH158	large
mm.domus.YH159	medium
mm.domus.YH160	medium
mm.domus.YH161	large
mm.domus.YH162	unknown
mm.domus.YH163	unknown
mm.domus.YH164	unknown
mm.domus.YH165	unknown
mm.domus.YH166	unknown
mm.domus.YH168	medium
mm.domus.YH169	small
mm.domus.YH170	unknown
mm.domus.YH171	medium
mm.fcm.001	unknown
mm.fcm.013	unknown
mm.fcm.026	unknown
mm.fcm.027	unknown
mm.fcm.030	unknown
mm.fcm.032	tiny
mm.fcm.041	unknown
mm.fcm.045	small
mm.fcm.051	unknown
mm.fcm.056	unknown
mm.fcm.058	unknown
mm.fcm.059	unknown
mm.fcm.062	unknown
mm.fcm.064	tiny
mm.fcm.067	unknown
mm.fcm.072	unknown
mm.fcm.073	large
mm.fcm.074	unknown
mm.fcm.075	unknown
mm.fcm.078	unknown
mm.fcm.082	unknown
mm.fcm.083	large
mm.fcm.090	unknown
mm.fcm.098	unknown
mm.fcm.100	unknown
mm.fcm.102	unknown
mm.fcm.107	unknown
mm.fcm.109	unknown
mm.fcm.114	unknown
mm.fcm.120	unknown
mm.fcm.124	unknown
mm.fcm.130	unknown
mm.fcm.131	unknown
mm.fcm.137	tiny
mm.fcm.139	unknown
mm.fcm.144	unknown
mm.fcm.145	unknown
mm.fcm.148	unknown
mm.fcm.149	unknown
mm.fcm.150	unknown
mm.fcm.151	unknown
mm.fcm.154	unknown
mm.fcm.155	unknown
mm.fcm.158	unknown
mm.fcm.160	unknown
mm.fcm.161	unknown
mm.fcm.162	unknown
mm.fcm.163	unknown
mm.fcm.172	unknown
mm.fcm.175	unknown
mm.fcm.179	unknown
mm.fcm.186	unknown
mm.fcm.189	unknown
mm.fcm.190	unknown
mm.fcm.191	unknown
mm.fcm.197	unknown
mm.fcm.202	unknown
mm.fcm.204	unknown
mm.fcm.207	unknown
mm.fcm.214	unknown
mm.fcm.221	unknown
mm.fcm.230	unknown
mm.fcm.231	unknown
mm.fcm.232	unknown
mm.fcm.235	unknown
mm.fcm.239	very_small
mm.fcm.242	very_small
mm.fcm.254	unknown
mm.fcm.257	unknown
mm.fcm.258	unknown
mm.fcm.262	unknown
mm.fcm.270	unknown
mm.fcm.274	unknown
mm.fcm.275	unknown
mm.fcm.276	unknown
mm.fcm.279	unknown
mm.hha.001	very_large
mm.hha.002	unknown
mm.hha.003	very_small
mm.hha.004	unknown
mm.hha.005	unknown
mm.hha.006	unknown
mm.hha.007	unknown
mm.hha.008	unknown
mm.hha.009	unknown
mm.hha.010	unknown
mm.hha.011	small
mm.hha.013	unknown
mm.hha.014	unknown
mm.hha.015	unknown
mm.hha.016	unknown
mm.hha.017	very_large
mm.hha.018	small
mm.hha.019	unknown
mm.hha.020	unknown
mm.hha.021	unknown
mm.hha.022	unknown
mm.hha.023	unknown
mm.hha.024	unknown
mm.hha.025	unknown
mm.hha.026	unknown
mm.hha.027	unknown
mm.hha.028	small
mm.hha.029	unknown
mm.hha.030	unknown
mm.hha.031	unknown
mm.hha.032	unknown
mm.hha.033	small
mm.hha.034	unknown
mm.hha.035	unknown
mm.hha.036	very_small
mm.hha.037	unknown
mm.hha.038	unknown
mm.hha.039	tiny
mm.hha.040	unknown
mm.hha.041	unknown
mm.hha.042	unknown
mm.hha.043	unknown
mm.hha.044	unknown
mm.hha.045	unknown
mm.hha.046	unknown
mm.hha.047	small
mm.hha.048	small
mm.hha.049	tiny
mm.hha.050	unknown
mm.hha.051	unknown
mm.hha.053	very_small
mm.hha.054	unknown
mm.hha.055	unknown
mm.hha.056	unknown
mm.hha.057	unknown
mm.hha.058	unknown
mm.hha.059	unknown
mm.hha.060	unknown
mm.hha.061	unknown
mm.hha.062	unknown
mm.hha.063	unknown
mm.hha.064	unknown
mm.hha.065	unknown
mm.hha.066	unknown
mm.hha.067	unknown
mm.hha.068	unknown
mm.hha.069	unknown
mm.hha.070	unknown
mm.hha.071	small
mm.hha.073	unknown
mm.hha.074	unknown
mm.hha.075	unknown
mm.hha.076	unknown
mm.hha.077	small
mm.hha.078	unknown
mm.hha.080	unknown
mm.hha.081	unknown
mm.hha.082	unknown
mm.hha.083	small
mm.hha.084	unknown
mm.hha.085	unknown
mm.hha.086	unknown
mm.hha.087	very_small
mm.hha.088	unknown
mm.hha.089	unknown
mm.hha.090	unknown
mm.hha.091	unknown
mm.hha.092	medium
mm.hha.093	unknown
mm.hha.094	unknown
mm.hha.095	unknown
mm.hha.096	unknown
mm.hha.097	unknown
mm.hha.098	unknown
mm.hha.101	unknown
mm.hha.102	unknown
mm.hha.105	tiny
mm.hha.107	unknown
mm.hha.109	tiny
mm.hha.110	unknown
mm.hha.111	tiny
mm.hha.112	unknown
mm.hha.115	small
mm.hha.116	unknown
mm.hha.117	very_small
mm.hha.118	medium
mm.hha.119	unknown
mm.hha.120	large
mm.hha.121	very_large
mm.hha.122	very_small
mm.hha.123	unknown
mm.hha.124	unknown
mm.hha.125	unknown
mm.hha.126	unknown
mm.hha.127	unknown
mm.hha.128	unknown
mm.hha.130	very_small
mm.hha.131	unknown
mm.hha.132	unknown
mm.hha.133	tiny
mm.hha.134	unknown
mm.hha.135	small
mm.hha.136	unknown
mm.hha.138	unknown
mm.hha.139	unknown
mm.hha.140	unknown
mm.hha.141	small
mm.hha.142	unknown
mm.hha.143	unknown
mm.hha.144	unknown
mm.hha.145	small
mm.hha.146	medium
mm.hha.147	unknown
mm.hha.148	unknown
mm.hha.149	unknown
mm.hha.150	medium
mm.hha.153	unknown
mm.hha.154	unknown
mm.hha.155	unknown
mm.hha.156	unknown
mm.hha.157	unknown
mm.hha.158	unknown
mm.hha.159	unknown
mm.hha.160	unknown
mm.hha.161	unknown
mm.hha.162	unknown
mm.hha.163	unknown
mm.hha.164	unknown
mm.hha.165	unknown
mm.hha.167	unknown
mm.hha.168	unknown
mm.hha.169	unknown
mm.hha.171	unknown
mm.hha.173	unknown
mm.hha.174	unknown
mm.hha.175	unknown
mm.hha.177	unknown
mm.hha.178	unknown
mm.hha.179	unknown
mm.hha.180	unknown
mm.hha.181	unknown
mm.hha.182	unknown
mm.hha.183	unknown
mm.hha.184	unknown
mm.hha.185	unknown
mm.hha.186	unknown
mm.hha.187	unknown
mm.hha.188	unknown
mm.hha.189	unknown
mm.hha.190	unknown
mm.hha.191	unknown
mm.hha.192	unknown
mm.hha.193	unknown
mm.hha.194	unknown
mm.hud.001	unknown
mm.hud.002	unknown
mm.hud.005	unknown
mm.hud.006	unknown
mm.hud.007	unknown
mm.hud.009	unknown
mm.hud.014	unknown
mm.hud.016	unknown
mm.hud.019	unknown
mm.hud.021	unknown
mm.hud.022	unknown
mm.hud.024	unknown
mm.hud.025	unknown
mm.hud.026	unknown
mm.mald.001	unknown
mm.mald.007	unknown
mm.mald.013	unknown
mm.mald.014	unknown
mm.mald.015	unknown
mm.mald.019	unknown
mm.mald.020	small
mm.mald.024	very_small
mm.mald.026	unknown
mm.mald.027	unknown
mm.mald.028	unknown
mm.mald.030	unknown
mm.mald.033	unknown
mm.mald.037	unknown
mm.mald.038	small
mm.mald.042	unknown
mm.mald.043	unknown
mm.mald.045	unknown
mm.mald.052	unknown
mm.mald.053	unknown
mm.mald.055	large
mm.mald.058	unknown
mm.mald.062	unknown
mm.mald.066	unknown
mm.mald.068	unknown
mm.mald.069	large
mm.mald.071	unknown
mm.mald.072	small
mm.mald.079	unknown
mm.mald.080	unknown
mm.mald.081	small
mm.mald.082	unknown
mm.mald.086	small
mm.mald.089	medium
mm.mald.090	unknown
mm.mald.095	small
mm.mald.110	unknown
mm.mald.111	small
mm.mald.116	unknown
mm.mald.124	very_large
mm.mald.130	unknown
mm.mald.132	unknown
mm.mald.135	small
mm.mald.148	unknown
mm.mald.149	unknown
mm.mald.151	unknown
mm.mald.152	unknown
mm.mald.154	unknown
mm.mald.155	unknown
mm.mald.157	unknown
mm.mald.158	unknown
mm.mald.159	unknown
mm.mald.160	unknown
mm.mald.162	unknown
mm.mald.163	unknown
mm.MDN.005	unknown
mm.MDN.006	unknown
mm.MDN.008	unknown
mm.MDN.009	unknown
mm.MDN.010	unknown
mm.MDN.011	unknown
mm.MDN.012	unknown
mm.MDN.013	unknown
mm.MDN.014	unknown
mm.MDN.015	unknown
mm.MDN.016	unknown
mm.MDN.017	unknown
mm.MDN.018	unknown
mm.MDN.019	unknown
mm.MDN.020	unknown
mm.MDN.021	unknown
mm.MDN.022	unknown
mm.MDN.023	unknown
mm.MDN.024	unknown
mm.MDN.025	unknown
mm.MDN.026	unknown
mm.MDN.027	unknown
mm.MDN.028	unknown
mm.MDN.029	unknown
mm.MDN.030	unknown
mm.MDN.031	unknown
mm.MDN.032	unknown
mm.MDN.033	unknown
mm.MDN.034	unknown
mm.MDN.035	unknown
mm.MDN.036	unknown
mm.mgs.006	unknown
mm.mgs.044	unknown
mm.mgs.075	unknown
mm.mgs.093	unknown
mm.mgs.125	unknown
mm.mgs.147	medium
mm.mgs.223	unknown
mm.mgs.248	small
mm.mgs.278	unknown
mm.mgs.279	small
mm.mgs.281	very_large
mm.mgs.282	unknown
mm.mgs.284	unknown
mm.mgs.285	unknown
mm.mgs.286	very_large
mm.mgs.287	unknown
mm.mgs.288	unknown
mm.mgs.289	very_small
mm.mgs.290	unknown
mm.mgs.292	unknown
mm.mgs.293	unknown
mm.mgs.294	tiny
mm.mgs.295	unknown
mm.mgs.296	unknown
mm.mgs.298	unknown
mm.mgs.299	unknown
mm.mgs.301	unknown
mm.mgs.302	unknown
mm.mgs.303	small
mm.mgs.304	small
mm.mgs.306	unknown
mm.mgs.307	medium
mm.mgs.308	unknown
mm.mgs.309	unknown
mm.mgs.310	very_small
mm.mgs.311	very_small
mm.mgs.313	unknown
mm.mgs.314	unknown
mm.mgs.315	medium
mm.mgs.316	unknown
mm.mgs.320	unknown
mm.mgs.321	unknown
mm.mgs.323	unknown
mm.mgs.325	small
mm.mgs.327	unknown
mm.mgs.329	unknown
mm.mgs.332	unknown
mm.mgs.333	unknown
mm.mgs.334	unknown
mm.mgs.336	unknown
mm.mgs.337	unknown
mm.mgs.341	unknown
mm.mgs.343	small
mm.mgs.345	unknown
mm.mgs.346	unknown
mm.mgs.348	unknown
mm.mgs.350	unknown
mm.mgs.352	unknown
mm.mgs.353	unknown
mm.mgs.354	unknown
mm.mgs.356	unknown
mm.mgs.357	unknown
mm.mgs.358	unknown
mm.mgs.360	unknown
mm.mgs.361	unknown
mm.mgs.362	unknown
mm.mgs.364	very_small
mm.mgs.366	unknown
mm.mgs.367	unknown
mm.mgs.368	unknown
mm.mgs.369	unknown
mm.mgs.370	unknown
mm.mgs.371	unknown
mm.mgs.372	unknown
mm.mgs.373	unknown
mm.mgs.374	very_small
mm.mgs.375	unknown
mm.mgs.376	unknown
mm.mgs.377	unknown
mm.mgs.378	small
mm.mgs.380	unknown
mm.mgs.381	unknown
mm.mgs.382	unknown
mm.mgs.383	unknown
mm.mgs.384	unknown
mm.mgs.386	unknown
mm.mgs.388	unknown
mm.mgs.389	unknown
mm.mgs.390	unknown
mm.mgs.391	unknown
mm.mgs.392	small
mm.mgs.394	unknown
mm.mgs.396	unknown
mm.mgs.398	unknown
mm.mgs.400	unknown
mm.mgs.404	unknown
mm.mgs.406	unknown
mm.mgs.408	medium
mm.mgs.409	unknown
mm.mgs.410	unknown
mm.mgs.411	medium
mm.mgs.412	large
mm.mgs.413	unknown
mm.mgs.415	small
mm.mgs.418	small
mm.misc.003	unknown
mm.misc.004	unknown
mm.misc.005	unknown
mm.misc.007	unknown
mm.misc.008	unknown
mm.misc.010	unknown
mm.misc.011	unknown
mm.misc.012	unknown
mm.misc.013	unknown
mm.misc.014	unknown
mm.misc.015	unknown
mm.misc.016	unknown
mm.misc.017	unknown
mm.misc.018	unknown
mm.misc.019	unknown
mm.misc.020	unknown
mm.misc.022	very_small
mm.misc.026	unknown
mm.misc.027	unknown
mm.misc.029	unknown
mm.misc.030	unknown
mm.misc.031	unknown
mm.misc.032	unknown
mm.misc.035	unknown
mm.misc.036	unknown
mm.misc.038	unknown
mm.misc.039	unknown
mm.misc.040	unknown
mm.misc.041	unknown
mm.misc.042	unknown
mm.misc.043	unknown
mm.misc.044	unknown
mm.misc.045	unknown
mm.misc.046	unknown
mm.misc.047	unknown
mm.misc.048	unknown
mm.misc.049	unknown
mm.misc.050	unknown
mm.misc.051	unknown
mm.misc.052	unknown
mm.misc.053	unknown
mm.misc.054	unknown
mm.misc.055	unknown
mm.misc.056	unknown
mm.misc.057	tiny
mm.misc.058	unknown
mm.misc.059	unknown
mm.misc.060	unknown
mm.misc.061	unknown
mm.misc.062	unknown
mm.misc.064	unknown
mm.misc.065	unknown
mm.misc.066	unknown
mm.misc.067	unknown
mm.misc.068	unknown
mm.misc.069	unknown
mm.misc.070	unknown
mm.misc.071	unknown
mm.misc.072	unknown
mm.misc.073	unknown
mm.misc.074	unknown
mm.misc.075	unknown
mm.misc.076	unknown
mm.misc.077	unknown
mm.misc.078	unknown
mm.misc.079	unknown
mm.misc.080	unknown
mm.misc.081	unknown
mm.misc.082	unknown
mm.misc.083	unknown
mm.misc.084	unknown
mm.misc.085	unknown
mm.misc.086	unknown
mm.misc.087	unknown
mm.misc.088	unknown
mm.misc.089	unknown
mm.misc.092	unknown
mm.misc.093	unknown
mm.misc.094	unknown
mm.misc.095	unknown
mm.misc.097	unknown
mm.misc.098	unknown
mm.misc.099	unknown
mm.misc.100	unknown
mm.misc.101	unknown
mm.misc.102	unknown
mm.misc.103	unknown
mm.misc.104	unknown
mm.misc.105	unknown
mm.misc.106	unknown
mm.misc.107	unknown
mm.misc.108	unknown
mm.misc.109	unknown
mm.misc.110	unknown
mm.misc.111	unknown
mm.misc.112	unknown
mm.misc.114	unknown
mm.misc.115	unknown
mm.misc.116	unknown
mm.misc.117	unknown
mm.misc.118	unknown
mm.misc.119	unknown
mm.misc.120	unknown
mm.misc.121	unknown
mm.misc.122	unknown
mm.misc.123	unknown
mm.misc.124	unknown
mm.misc.125	unknown
mm.misc.126	unknown
mm.misc.127	unknown
mm.misc.128	unknown
mm.misc.129	unknown
mm.misc.130	unknown
mm.misc.131	unknown
mm.misc.132	unknown
mm.misc.133	unknown
mm.misc.134	unknown
mm.misc.135	unknown
mm.misc.136	unknown
mm.misc.137	unknown
mm.misc.138	unknown
mm.misc.139	unknown
mm.misc.140	unknown
mm.misc.141	unknown
mm.misc.142	unknown
mm.misc.143	unknown
mm.misc.144	unknown
mm.misc.145	unknown
mm.misc.146	unknown
mm.misc.147	unknown
mm.misc.148	unknown
mm.misc.149	unknown
mm.misc.150	unknown
mm.misc.151	unknown
mm.misc.152	unknown
mm.misc.153	unknown
mm.misc.154	unknown
mm.misc.155	unknown
mm.misc.156	unknown
mm.misc.157	unknown
mm.misc.158	unknown
mm.misc.159	unknown
mm.misc.160	unknown
mm.misc.161	unknown
mm.misc.162	unknown
mm.misc.163	unknown
mm.misc.164	unknown
mm.misc.165	unknown
mm.misc.166	unknown
mm.misc.167	unknown
mm.misc.168	unknown
mm.misc.169	unknown
mm.misc.170	unknown
mm.misc.171	unknown
mm.misc.172	unknown
mm.misc.173	unknown
mm.misc.174	unknown
mm.misc.175	unknown
mm.misc.176	unknown
mm.misc.177	unknown
mm.misc.178	unknown
mm.misc.179	unknown
mm.misc.180	unknown
mm.misc.181	unknown
mm.misc.182	unknown
mm.misc.183	unknown
mm.misc.184	unknown
mm.misc.185	unknown
mm.misc.186	unknown
mm.misc.190	unknown
mm.misc.191	unknown
mm.misc.192	unknown
mm.misc.193	unknown
mm.misc.194	unknown
mm.misc.196	very_large
mm.misc.197	unknown
mm.misc.198	unknown
mm.Mus70Cal.001	unknown
mm.Mus70Cal.002	unknown
mm.Mus70Cal.003	unknown
mm.Mus70Cal.004	unknown
mm.Mus70Cal.005	unknown
mm.Mus70Cal.006	unknown
mm.Mus70Cal.007	unknown
mm.Mus70Cal.008	unknown
mm.Mus70Cal.009	unknown
mm.Mus70Cal.010	unknown
mm.Mus70Cal.011	unknown
mm.Mus70Cal.012	unknown
mm.Mus70Cal.013	unknown
mm.Mus70Cal.014	unknown
mm.Mus70Cal.015	unknown
mm.Mus70Cal.016	unknown
mm.Mus70Cal.017	unknown
mm.Mus70Cal.018	unknown
mm.Mus70Cal.019	unknown
mm.Mus70Cal.020	unknown
mm.Mus70Cal.021	unknown
mm.Mus70Cal.022	unknown
mm.Mus70Cal.023	unknown
mm.Mus70Cal.024	unknown
mm.Mus70Cal.025	unknown
mm.Mus70Cal.026	unknown
mm.Mus70Cal.027	unknown
mm.Mus70Cal.028	unknown
mm.Mus70Cal.029	unknown
mm.Mus70Cal.030	unknown
mm.musa.001	unknown
mm.musa.002	very_small
mm.musa.004	very_small
mm.musa.006	small
mm.musa.008	small
mm.musa.010	medium
mm.musa.012	unknown
mm.musa.013	unknown
mm.musa.015	unknown
mm.musa.016	small
mm.musa.021	unknown
mm.musa.022	unknown
mm.musa.023	unknown
mm.musa.026	unknown
mm.musa.031	unknown
mm.musa.032	unknown
mm.musa.035	unknown
mm.musa.036	very_small
mm.musa.037	very_large
mm.musa.039	unknown
mm.musa.041	large
mm.musa.042	unknown
mm.musa.043	tiny
mm.musa.045	unknown
mm.musa.046	unknown
mm.musa.047	unknown
mm.musa.048	medium
mm.musa.050	unknown
mm.musa.052	unknown
mm.musa.053	large
mm.musa.055	very_small
mm.musa.057	unknown
mm.musa.058	very_small
mm.musa.067	unknown
mm.musa.069	tiny
mm.musa.072	unknown
mm.musa.073	medium
mm.musa.074	unknown
mm.musa.075	unknown
mm.musa.076	very_small
mm.musa.081	unknown
mm.musa.083	very_small
mm.musa.084	tiny
mm.musa.090	very_small
mm.musa.092	unknown
mm.musa.093	unknown
mm.musa.095	unknown
mm.musa.096	very_small
mm.musa.097	unknown
mm.musa.099	very_small
mm.musa.100	very_large
mm.musa.101	unknown
mm.musa.102	very_small
mm.musa.109	medium
mm.musa.112	unknown
mm.musa.115	unknown
mm.musa.116	unknown
mm.musa.117	unknown
mm.musa.118	unknown
mm.musa.119	unknown
mm.musa.120	unknown
mm.musa.121	small
mm.musa.122	unknown
mm.musa.126	unknown
mm.musa.129	unknown
mm.musa.130	unknown
mm.musa.132	small
mm.musa.135	tiny
mm.musa.136	unknown
mm.musa.138	unknown
mm.musa.140	unknown
mm.musa.141	unknown
mm.musa.142	unknown
mm.musa.145	large
mm.musa.149	unknown
mm.musa.151	small
mm.musa.153	unknown
mm.musa.154	very_small
mm.musa.156	unknown
mm.musa.157	unknown
mm.musa.158	medium
mm.musa.160	unknown
mm.musa.162	unknown
mm.musa.163	unknown
mm.musa.164	unknown
mm.musa.165	unknown
mm.musa.166	unknown
mm.musa.168	unknown
mm.musa.169	unknown
mm.musa.171	unknown
mm.musa.175	unknown
mm.musa.178	tiny
mm.musa.180	very_small
mm.musa.182	unknown
mm.musa.183	unknown
mm.musa.184	small
mm.musa.186	tiny
mm.musa.188	very_small
mm.musa.189	unknown
mm.musa.191	large
mm.musa.195	unknown
mm.musa.196	unknown
mm.musa.197	medium
mm.musa.199	unknown
mm.musa.201	unknown
mm.musa.204	unknown
mm.musa.205	unknown
mm.musa.208	unknown
mm.musa.209	medium
mm.musa.210	very_small
mm.musa.212	tiny
mm.musa.214	unknown
mm.musa.215	unknown
mm.musa.216	unknown
mm.musa.217	unknown
mm.musa.219	unknown
mm.musa.220	unknown
mm.musa.222	very_small
mm.musa.223	unknown
mm.musa.224	unknown
mm.musa.225	tiny
mm.musa.227	unknown
mm.musa.228	unknown
mm.musa.229	very_large
mm.musa.230	very_small
mm.musa.235	very_small
mm.musa.240	unknown
mm.musa.241	unknown
mm.musa.242	unknown
mm.musa.243	unknown
mm.musa.246	very_small
mm.musa.247	small
mm.musa.248	unknown
mm.musa.252	very_large
mm.musa.253	unknown
mm.musa.254	large
mm.musa.255	small
mm.musa.257	tiny
mm.musa.258	large
mm.musa.259	unknown
mm.musa.260	unknown
mm.musa.263	unknown
mm.musa.264	very_small
mm.musa.265	unknown
mm.musa.266	unknown
mm.musa.268	very_small
mm.musa.270	unknown
mm.musa.271	tiny
mm.musa.272	unknown
mm.musa.273	unknown
mm.musa.274	small
mm.musa.276	unknown
mm.musa.277	unknown
mm.musa.278	unknown
mm.musa.280	medium
mm.musa.281	unknown
mm.musa.282	very_small
mm.musa.283	unknown
mm.musa.285	unknown
mm.musa.286	medium
mm.musa.289	large
mm.musa.290	very_large
mm.musa.291	unknown
mm.musa.292	medium
mm.musa.293	small
mm.musa.294	unknown
mm.musa.295	unknown
mm.musa.296	unknown
mm.musa.297	unknown
mm.musa.298	large
mm.musa.299	unknown
mm.musa.300	unknown
mm.musa.301	small
mm.musa.303	unknown
mm.musa.304	very_large
mm.musa.305	very_large
mm.musa.306	unknown
mm.musa.307	large
mm.musa.308	unknown
mm.musa.310	small
mm.musa.311	very_small
mm.musa.312	small
mm.musa.313	tiny
mm.musa.314	tiny
mm.musa.316	medium
mm.musa.319	unknown
mm.musa.320	unknown
mm.musa.321	unknown
mm.musa.322	small
mm.musa.323	unknown
mm.musa.325	unknown
mm.musa.326	medium
mm.musa.327	unknown
mm.musa.328	very_small
mm.musa.329	unknown
mm.musa.332	tiny
mm.musa.334	very_small
mm.musa.335	unknown
mm.musa.337	small
mm.musa.339	small
mm.musa.340	unknown
mm.musa.341	very_large
mm.musa.342	unknown
mm.musa.343	very_large
mm.musa.344	unknown
mm.musa.345	tiny
mm.musa.346	unknown
mm.musa.347	unknown
mm.musa.349	tiny
mm.musa.350	small
mm.musa.351	medium
mm.musa.352	medium
mm.musa.353	unknown
mm.musa.354	medium
mm.musa.356	tiny
mm.musa.360	unknown
mm.musa.361	unknown
mm.musa.362	very_small
mm.musa.363	unknown
mm.musa.364	unknown
mm.musa.366	unknown
mm.musa.367	tiny
mm.musa.368	unknown
mm.musa.369	unknown
mm.musa.370	very_small
mm.musa.371	unknown
mm.musa.372	unknown
mm.musa.373	unknown
mm.musa.374	very_small
mm.musa.376	unknown
mm.musa.377	very_small
mm.musa.379	unknown
mm.musa.380	unknown
mm.musa.386	unknown
mm.musa.387	unknown
mm.musa.388	small
mm.musa.389	tiny
mm.musa.390	unknown
mm.musa.391	unknown
mm.musa.392	very_large
mm.musa.393	unknown
mm.musa.394	small
mm.musa.396	medium
mm.musa.397	unknown
mm.nimc.006	medium
mm.nimc.007	small
mm.nimc.009	small
mm.nimc.013	very_small
mm.nimc.016	small
mm.nimc.017	tiny
mm.nimc.018	small
mm.nimc.025	very_small
mm.nimc.026	medium
mm.nimc.035	unknown
mm.nimc.036	unknown
mm.nimc.037	unknown
mm.nimc.038	unknown
mm.nimc.043	small
mm.wiki.001	unknown
mm.wiki.002	unknown
mm.wiki.003	unknown
mm.wiki.004	unknown
mm.wiki.005	unknown
mm.wiki.006	unknown
mm.wiki.007	unknown
mm.wiki.008	unknown
mm.wiki.009	unknown
mm.wiki.010	unknown
mm.wiki.011	unknown
mm.wiki.012	unknown
mm.wiki.013	unknown
mm.wiki.014	unknown
mm.wiki.015	unknown
mm.wiki.016	tiny
mm.wiki.017	unknown
mm.wiki.018	unknown
mm.wiki.019	unknown
mm.wiki.020	very_small
mm.wiki.021	unknown
mm.wiki.022	unknown
mm.wiki.023	unknown
mm.wiki.024	unknown
mm.wiki.025	unknown
mm.wiki.026	unknown
mm.wiki.027	unknown
mm.wiki.028	unknown
mm.wiki.029	unknown
mm.wiki.030	unknown
mm.wiki.031	unknown
mm.wiki.032	unknown
mm.wiki.033	unknown
mm.wiki.034	unknown
mm.wiki.035	unknown
mm.wiki.036	small
mm.wiki.037	unknown
mm.wiki.038	unknown
mm.wiki.039	large
mm.wiki.040	unknown
mm.wiki.041	unknown
mm.wiki.042	unknown
mm.wiki.043	unknown
mm.wiki.044	unknown
mm.wiki.045	unknown
mm.wiki.046	unknown
mm.wiki.047	unknown
mm.wiki.048	unknown
mm.wiki.049	unknown
mm.wiki.051	unknown
mm.wiki.053	unknown
mm.wiki.054	unknown
mm.wiki.055	unknown
mm.wiki.056	small
mm.wiki.057	unknown
mm.wiki.058	unknown
mm.wiki.059	unknown
mm.wiki.060	unknown
mm.wiki.061	unknown
mm.wiki.062	unknown
mm.wiki.063	unknown
mm.wiki.064	unknown
mm.wiki.065	very_large
mm.wiki.066	unknown
mm.wiki.067	unknown
mm.wiki.069	unknown
mm.wiki.070	unknown
mm.wiki.071	unknown
mm.wiki.073	unknown
mm.wiki.074	very_small
mm.wiki.075	unknown
mm.wiki.076	unknown
mm.wiki.077	unknown
mm.wiki.078	unknown
mm.wiki.079	unknown
mm.wiki.080	unknown
mm.wiki.082	unknown
mm.wiki.083	unknown
mm.wiki.084	unknown
mm.wiki.085	unknown
mm.wiki.086	very_small
mm.wiki.087	unknown
mm.wiki.088	unknown
mm.wiki.089	unknown
mm.wiki.090	unknown
mm.wiki.091	unknown
mm.wiki.092	unknown
mm.wiki.093	unknown
mm.wiki.094	unknown
mm.wiki.095	unknown
mm.wiki.096	unknown
mm.wiki.097	small
mm.wiki.098	unknown
mm.wiki.100	unknown
mm.wiki.101	unknown
mm.wiki.102	unknown
mm.wiki.103	unknown
mm.wiki.104	unknown
mm.wiki.105	unknown
mm.wiki.107	unknown
mm.wiki.108	small
mm.wiki.109	unknown
mm.wiki.110	unknown
mm.wiki.111	unknown
mm.wiki.112	unknown
mm.wiki.114	unknown
mm.wiki.115	unknown
mm.wiki.116	unknown
mm.wiki.117	unknown
mm.wiki.119	unknown
mm.wiki.121	unknown
mm.wiki.122	unknown
mm.wiki.123	tiny
mm.wiki.124	unknown
mm.wiki.126	unknown
mm.wiki.127	unknown
mm.wiki.128	unknown
mm.wiki.129	unknown
mm.wiki.130	small
mm.wiki.131	unknown
mm.wiki.133	unknown
mm.wiki.134	unknown
mm.wiki.135	unknown
mm.wiki.136	unknown
mm.wiki.137	unknown
mm.wiki.138	unknown
mm.wiki.139	unknown
mm.wiki.140	unknown
mm.wiki.141	unknown
mm.wiki.142	unknown
mm.wiki.143	unknown
mm.wiki.144	unknown
mm.wiki.145	unknown
mm.wiki.146	unknown
mm.wiki.147	unknown
mm.wiki.148	unknown
mm.wiki.149	unknown
mm.wiki.150	unknown
mm.wiki.151	unknown
mm.wiki.152	unknown
mm.wiki.153	unknown
mm.wiki.155	unknown
mm.wiki.156	unknown
mm.wiki.157	unknown
mm.wiki.158	unknown
mm.wiki.160	unknown
mm.wiki.161	unknown
mm.wiki.162	unknown
mm.wiki.164	unknown
mm.wiki.167	unknown
mm.wiki.168	unknown
mm.wiki.169	unknown
mm.wiki.170	unknown
mm.wiki.172	unknown
mm.wiki.173	tiny
mm.wiki.174	unknown
mm.wiki.177	unknown
mm.wiki.178	unknown
mm.wiki.179	unknown
mm.wiki.180	unknown
mm.wiki.181	unknown
mm.wiki.182	unknown
mm.wiki.183	unknown
mm.wiki.184	unknown
mm.wiki.185	unknown
mm.wiki.186	unknown
mm.wiki.187	medium
mm.wiki.188	unknown
mm.wiki.189	unknown
mm.wiki.190	small
mm.wiki.191	very_small
mm.wiki.192	unknown
mm.wiki.193	unknown
mm.wiki.194	unknown
mm.wiki.195	unknown
mm.wiki.196	unknown
mm.wiki.198	unknown
mm.wiki.200	unknown
mm.wiki.201	unknown
mm.wiki.202	medium
mm.wiki.203	unknown
mm.wiki.204	unknown
mm.wiki.206	unknown
mm.wiki.207	unknown
mm.wiki.208	large
mm.wiki.209	tiny
mm.wiki.210	unknown
mm.wiki.211	very_small
mm.wiki.212	unknown
mm.wiki.213	unknown
mm.wiki.214	unknown
mm.wiki.215	unknown
mm.wiki.217	unknown
mm.wiki.218	unknown
mm.wiki.219	small
mm.wiki.220	unknown
mm.wiki.221	very_small
mm.wiki.222	unknown
mm.wiki.223	unknown
mm.wiki.224	unknown
mm.wiki.225	unknown
mm.wiki.226	unknown
mm.wiki.227	unknown
mm.wiki.229	unknown
mm.wiki.230	unknown
mm.wiki.232	unknown
mm.wiki.236	unknown
mm.wiki.237	tiny
mm.wiki.238	unknown
mm.wiki.239	medium
mm.wiki.240	unknown
mm.wiki.241	tiny
mm.wiki.242	unknown
mm.wiki.243	unknown
mm.wiki.245	unknown
mm.wiki.248	unknown
mm.wiki.249	unknown
mm.wiki.250	unknown
mm.wiki.251	unknown
mm.wiki.252	tiny
mm.wiki.253	tiny
mm.wiki.254	unknown
mm.wiki.255	medium
mm.wiki.256	small
mm.wiki.257	unknown
mm.wiki.258	unknown
mm.wiki.259	unknown
mm.wiki.260	tiny
mm.wiki.261	unknown
mm.wiki.262	small
mm.wiki.263	tiny
mm.wiki.264	unknown
mm.wiki.265	unknown
mm.wiki.266	unknown
mm.wiki.267	unknown
mm.wiki.268	unknown
mm.wiki.269	unknown
mm.wiki.270	unknown
mm.wiki.271	unknown
mm.wiki.272	very_large
mm.wiki.273	unknown
mm.wiki.274	unknown
mm.wiki.275	unknown
mm.wiki.276	unknown
mm.wiki.277	unknown
mm.wiki.278	unknown
mm.wiki.279	unknown
mm.wiki.280	unknown
mm.wiki.281	very_small
mm.wiki.282	unknown
mm.wiki.283	unknown
mm.wiki.285	unknown
mm.wiki.286	unknown
mm.wiki.288	unknown
mm.wiki.289	unknown
mm.wiki.290	unknown
mm.wiki.291	unknown
mm.wiki.292	unknown
mm.wiki.293	unknown
mm.wiki.294	unknown
mm.wiki.295	unknown
mm.wiki.297	unknown
mm.wiki.298	unknown
mm.wiki.299	unknown
mm.wiki.300	unknown
mm.wiki.301	unknown
mm.wiki.302	unknown
mm.wiki.303	unknown
mm.wiki.304	very_small
mm.wiki.305	unknown
mm.wiki.306	medium
mm.wiki.307	unknown
mm.wiki.308	medium
mm.wiki.309	unknown
mm.wiki.310	unknown
mm.wiki.311	unknown
mm.wiki.312	unknown
mm.wiki.313	unknown
mm.wiki.314	unknown
mm.wiki.315	unknown
mm.wiki.316	unknown
mm.wiki.320	unknown
mm.wiki.322	unknown
mm.wiki.323	unknown
mm.wiki.324	unknown
mm.wiki.325	unknown
mm.wiki.326	very_large
mm.wiki.327	unknown
mm.wiki.328	unknown
mm.wiki.329	unknown
mm.wiki.330	unknown
mm.wiki.331	unknown
mm.wiki.332	very_small
mm.wiki.333	unknown
mm.wiki.334	very_small
mm.wiki.335	unknown
mm.wiki.336	unknown
mm.wiki.337	unknown
mm.wiki.340	unknown
mm.wiki.341	unknown
mm.wiki.342	unknown
mm.wiki.343	unknown
mm.wiki.344	unknown
mm.wiki.345	unknown
mm.wiki.347	unknown
mm.wiki.348	small
mm.wiki.350	unknown
mm.wiki.351	unknown
mm.wiki.352	unknown
mm.wiki.353	unknown
mm.wiki.354	unknown
mm.wiki.355	unknown
mm.wiki.356	unknown
mm.wiki.357	unknown
mm.wiki.358	unknown
mm.wiki.359	unknown
mm.wiki.360	unknown
mm.wiki.361	unknown
mm.wiki.362	unknown
mm.wiki.363	unknown
mm.wiki.364	very_small
mm.wiki.365	unknown
mm.wiki.366	unknown
mm.wiki.367	unknown
mm.wiki.368	unknown
mm.wiki.371	unknown
mm.wiki.372	medium
mm.wiki.373	small
mm.wiki.374	unknown
mm.wiki.375	unknown
mm.wiki.376	unknown
mm.wiki.377	unknown
mm.wiki.378	unknown
mm.wiki.379	unknown
mm.wiki.380	unknown
mm.wiki.381	unknown
mm.wiki.382	unknown
mm.wiki.383	unknown
mm.wiki.384	unknown
mm.wiki.385	small
mm.wiki.386	unknown
mm.wiki.387	unknown
mm.wiki.388	unknown
mm.wiki.389	unknown
mm.wiki.390	unknown
mm.wiki.391	unknown
mm.wiki.392	unknown
mm.wiki.393	unknown
mm.wiki.394	unknown
mm.wiki.395	unknown
mm.wiki.396	very_small
mm.wiki.397	tiny
mm.wiki.398	unknown
mm.wiki.399	unknown
mm.wiki.400	unknown
mm.wiki.401	unknown
mm.wiki.402	unknown
mm.wiki.404	unknown
mm.wiki.405	unknown
mm.wiki.407	unknown
mm.wiki.409	unknown
mm.wiki.411	unknown
mm.wiki.412	unknown
mm.wiki.413	unknown
mm.wiki.414	unknown
mm.wiki.415	unknown
mm.wiki.416	unknown
mm.wiki.417	unknown
mm.wiki.418	unknown
mm.wiki.419	unknown
mm.wiki.420	unknown
mm.wiki.421	unknown
mm.wiki.422	unknown
mm.wiki.423	unknown
mm.wiki.424	unknown
mm.wiki.426	unknown
mm.wiki.427	unknown
mm.wiki.428	small
mm.wiki.429	unknown
mm.wiki.430	unknown
mm.wiki.431	unknown
mm.wiki.432	unknown
mm.wiki.434	unknown
mm.wiki.435	medium
mm.wiki.436	unknown
mm.wiki.437	unknown
mm.wiki.438	unknown
mm.wiki.439	unknown
mm.wiki.440	unknown
mm.wiki.441	unknown
mm.wiki.444	unknown
mm.wiki.446	unknown
mm.wiki.447	unknown
mm.wiki.448	unknown
mm.wiki.449	unknown
mm.wiki.451	unknown
mm.wiki.452	unknown
mm.wiki.454	unknown
mm.wiki.455	unknown
mm.wiki.456	unknown
mm.wiki.457	unknown
mm.wiki.458	unknown
mm.wiki.459	unknown
mm.wiki.460	unknown
mm.wiki.461	unknown
mm.wiki.462	unknown
mm.wiki.464	unknown
mm.wiki.466	unknown
mm.wiki.467	unknown
mm.wiki.468	unknown
mm.wiki.470	unknown
mm.wiki.471	unknown
mm.wiki.472	unknown
mm.wiki.474	unknown
mm.wiki.475	unknown
mm.wiki.476	unknown
mm.wiki.477	unknown
mm.wiki.478	unknown
mm.wiki.479	unknown
mm.wiki.480	unknown
mm.wiki.481	unknown
mm.wiki.483	unknown
mm.wiki.484	unknown
mm.wiki.485	unknown
mm.wiki.486	unknown
mm.wiki.487	unknown
mm.wiki.488	very_small
mm.wiki.489	unknown
mm.wiki.490	unknown
mm.wiki.491	unknown
mm.wiki.494	unknown
mm.wiki.495	unknown
mm.wiki.496	unknown
mm.wiki.497	unknown
mm.wiki.498	unknown
mm.wiki.499	unknown
mm.wiki.500	unknown
mm.wiki.501	unknown
mm.wiki.502	unknown
mm.wiki.503	unknown
mm.wiki.504	very_small
mm.wiki.505	unknown
